"","SocCode","Soc_last1","Soc_last2","Soc_last3"
"1","11-1011","11-1010","11-1000","11-1000"
"2","11-1021","11-1020","11-1000","11-1000"
"3","11-1031","11-1030","11-1000","11-1000"
"4","11-2011","11-2010","11-2000","11-2000"
"5","11-2021","11-2020","11-2000","11-2000"
"6","11-2022","11-2020","11-2000","11-2000"
"7","11-2032","11-2030","11-2000","11-2000"
"8","11-2033","11-2030","11-2000","11-2000"
"9","11-3012","11-3010","11-3000","11-3000"
"10","11-3013","11-3010","11-3000","11-3000"
"11","11-3021","11-3020","11-3000","11-3000"
"12","11-3031","11-3030","11-3000","11-3000"
"13","11-3051","11-3050","11-3000","11-3000"
"14","11-3061","11-3060","11-3000","11-3000"
"15","11-3071","11-3070","11-3000","11-3000"
"16","11-3111","11-3110","11-3100","11-3000"
"17","11-3121","11-3120","11-3100","11-3000"
"18","11-3131","11-3130","11-3100","11-3000"
"19","11-9013","11-9010","11-9000","11-9000"
"20","11-9021","11-9020","11-9000","11-9000"
"21","11-9031","11-9030","11-9000","11-9000"
"22","11-9032","11-9030","11-9000","11-9000"
"23","11-9033","11-9030","11-9000","11-9000"
"24","11-9039","11-9030","11-9000","11-9000"
"25","11-9041","11-9040","11-9000","11-9000"
"26","11-9051","11-9050","11-9000","11-9000"
"27","11-9071","11-9070","11-9000","11-9000"
"28","11-9072","11-9070","11-9000","11-9000"
"29","11-9081","11-9080","11-9000","11-9000"
"30","11-9111","11-9110","11-9100","11-9000"
"31","11-9121","11-9120","11-9100","11-9000"
"32","11-9131","11-9130","11-9100","11-9000"
"33","11-9141","11-9140","11-9100","11-9000"
"34","11-9151","11-9150","11-9100","11-9000"
"35","11-9161","11-9160","11-9100","11-9000"
"36","11-9171","11-9170","11-9100","11-9000"
"37","11-9179","11-9170","11-9100","11-9000"
"38","11-9199","11-9190","11-9100","11-9000"
"39","13-1011","13-1010","13-1000","13-1000"
"40","13-1021","13-1020","13-1000","13-1000"
"41","13-1022","13-1020","13-1000","13-1000"
"42","13-1023","13-1020","13-1000","13-1000"
"43","13-1031","13-1030","13-1000","13-1000"
"44","13-1032","13-1030","13-1000","13-1000"
"45","13-1041","13-1040","13-1000","13-1000"
"46","13-1051","13-1050","13-1000","13-1000"
"47","13-1071","13-1070","13-1000","13-1000"
"48","13-1074","13-1070","13-1000","13-1000"
"49","13-1075","13-1070","13-1000","13-1000"
"50","13-1081","13-1080","13-1000","13-1000"
"51","13-1082","13-1080","13-1000","13-1000"
"52","13-1111","13-1110","13-1100","13-1000"
"53","13-1121","13-1120","13-1100","13-1000"
"54","13-1131","13-1130","13-1100","13-1000"
"55","13-1141","13-1140","13-1100","13-1000"
"56","13-1151","13-1150","13-1100","13-1000"
"57","13-1161","13-1160","13-1100","13-1000"
"58","13-1199","13-1190","13-1100","13-1000"
"59","13-2011","13-2010","13-2000","13-2000"
"60","13-2022","13-2020","13-2000","13-2000"
"61","13-2023","13-2020","13-2000","13-2000"
"62","13-2031","13-2030","13-2000","13-2000"
"63","13-2041","13-2040","13-2000","13-2000"
"64","13-2051","13-2050","13-2000","13-2000"
"65","13-2052","13-2050","13-2000","13-2000"
"66","13-2053","13-2050","13-2000","13-2000"
"67","13-2054","13-2050","13-2000","13-2000"
"68","13-2061","13-2060","13-2000","13-2000"
"69","13-2071","13-2070","13-2000","13-2000"
"70","13-2072","13-2070","13-2000","13-2000"
"71","13-2081","13-2080","13-2000","13-2000"
"72","13-2082","13-2080","13-2000","13-2000"
"73","13-2099","13-2090","13-2000","13-2000"
"74","15-1211","15-1210","15-1200","15-1000"
"75","15-1212","15-1210","15-1200","15-1000"
"76","15-1221","15-1220","15-1200","15-1000"
"77","15-1231","15-1230","15-1200","15-1000"
"78","15-1232","15-1230","15-1200","15-1000"
"79","15-1241","15-1240","15-1200","15-1000"
"80","15-1242","15-1240","15-1200","15-1000"
"81","15-1243","15-1240","15-1200","15-1000"
"82","15-1244","15-1240","15-1200","15-1000"
"83","15-1251","15-1250","15-1200","15-1000"
"84","15-1252","15-1250","15-1200","15-1000"
"85","15-1253","15-1250","15-1200","15-1000"
"86","15-1254","15-1250","15-1200","15-1000"
"87","15-1255","15-1250","15-1200","15-1000"
"88","15-1299","15-1290","15-1200","15-1000"
"89","15-2011","15-2010","15-2000","15-2000"
"90","15-2021","15-2020","15-2000","15-2000"
"91","15-2031","15-2030","15-2000","15-2000"
"92","15-2041","15-2040","15-2000","15-2000"
"93","15-2051","15-2050","15-2000","15-2000"
"94","15-2099","15-2090","15-2000","15-2000"
"95","17-1011","17-1010","17-1000","17-1000"
"96","17-1012","17-1010","17-1000","17-1000"
"97","17-1021","17-1020","17-1000","17-1000"
"98","17-1022","17-1020","17-1000","17-1000"
"99","17-2011","17-2010","17-2000","17-2000"
"100","17-2021","17-2020","17-2000","17-2000"
"101","17-2031","17-2030","17-2000","17-2000"
"102","17-2041","17-2040","17-2000","17-2000"
"103","17-2051","17-2050","17-2000","17-2000"
"104","17-2061","17-2060","17-2000","17-2000"
"105","17-2071","17-2070","17-2000","17-2000"
"106","17-2072","17-2070","17-2000","17-2000"
"107","17-2081","17-2080","17-2000","17-2000"
"108","17-2111","17-2110","17-2100","17-2000"
"109","17-2112","17-2110","17-2100","17-2000"
"110","17-2121","17-2120","17-2100","17-2000"
"111","17-2131","17-2130","17-2100","17-2000"
"112","17-2141","17-2140","17-2100","17-2000"
"113","17-2151","17-2150","17-2100","17-2000"
"114","17-2161","17-2160","17-2100","17-2000"
"115","17-2171","17-2170","17-2100","17-2000"
"116","17-2199","17-2190","17-2100","17-2000"
"117","17-3011","17-3010","17-3000","17-3000"
"118","17-3012","17-3010","17-3000","17-3000"
"119","17-3013","17-3010","17-3000","17-3000"
"120","17-3019","17-3010","17-3000","17-3000"
"121","17-3021","17-3020","17-3000","17-3000"
"122","17-3022","17-3020","17-3000","17-3000"
"123","17-3023","17-3020","17-3000","17-3000"
"124","17-3024","17-3020","17-3000","17-3000"
"125","17-3025","17-3020","17-3000","17-3000"
"126","17-3026","17-3020","17-3000","17-3000"
"127","17-3027","17-3020","17-3000","17-3000"
"128","17-3028","17-3020","17-3000","17-3000"
"129","17-3029","17-3020","17-3000","17-3000"
"130","17-3031","17-3030","17-3000","17-3000"
"131","19-1011","19-1010","19-1000","19-1000"
"132","19-1012","19-1010","19-1000","19-1000"
"133","19-1013","19-1010","19-1000","19-1000"
"134","19-1021","19-1020","19-1000","19-1000"
"135","19-1022","19-1020","19-1000","19-1000"
"136","19-1023","19-1020","19-1000","19-1000"
"137","19-1029","19-1020","19-1000","19-1000"
"138","19-1031","19-1030","19-1000","19-1000"
"139","19-1032","19-1030","19-1000","19-1000"
"140","19-1041","19-1040","19-1000","19-1000"
"141","19-1042","19-1040","19-1000","19-1000"
"142","19-1099","19-1090","19-1000","19-1000"
"143","19-2011","19-2010","19-2000","19-2000"
"144","19-2012","19-2010","19-2000","19-2000"
"145","19-2021","19-2020","19-2000","19-2000"
"146","19-2031","19-2030","19-2000","19-2000"
"147","19-2032","19-2030","19-2000","19-2000"
"148","19-2041","19-2040","19-2000","19-2000"
"149","19-2042","19-2040","19-2000","19-2000"
"150","19-2043","19-2040","19-2000","19-2000"
"151","19-2099","19-2090","19-2000","19-2000"
"152","19-3011","19-3010","19-3000","19-3000"
"153","19-3022","19-3020","19-3000","19-3000"
"154","19-3032","19-3030","19-3000","19-3000"
"155","19-3033","19-3030","19-3000","19-3000"
"156","19-3034","19-3030","19-3000","19-3000"
"157","19-3039","19-3030","19-3000","19-3000"
"158","19-3041","19-3040","19-3000","19-3000"
"159","19-3051","19-3050","19-3000","19-3000"
"160","19-3091","19-3090","19-3000","19-3000"
"161","19-3092","19-3090","19-3000","19-3000"
"162","19-3093","19-3090","19-3000","19-3000"
"163","19-3094","19-3090","19-3000","19-3000"
"164","19-3099","19-3090","19-3000","19-3000"
"165","19-4012","19-4010","19-4000","19-4000"
"166","19-4013","19-4010","19-4000","19-4000"
"167","19-4021","19-4020","19-4000","19-4000"
"168","19-4031","19-4030","19-4000","19-4000"
"169","19-4042","19-4040","19-4000","19-4000"
"170","19-4043","19-4040","19-4000","19-4000"
"171","19-4044","19-4040","19-4000","19-4000"
"172","19-4051","19-4050","19-4000","19-4000"
"173","19-4061","19-4060","19-4000","19-4000"
"174","19-4071","19-4070","19-4000","19-4000"
"175","19-4092","19-4090","19-4000","19-4000"
"176","19-4099","19-4090","19-4000","19-4000"
"177","19-5011","19-5010","19-5000","19-5000"
"178","19-5012","19-5010","19-5000","19-5000"
"179","21-1011","21-1010","21-1000","21-1000"
"180","21-1012","21-1010","21-1000","21-1000"
"181","21-1013","21-1010","21-1000","21-1000"
"182","21-1014","21-1010","21-1000","21-1000"
"183","21-1015","21-1010","21-1000","21-1000"
"184","21-1019","21-1010","21-1000","21-1000"
"185","21-1021","21-1020","21-1000","21-1000"
"186","21-1022","21-1020","21-1000","21-1000"
"187","21-1023","21-1020","21-1000","21-1000"
"188","21-1029","21-1020","21-1000","21-1000"
"189","21-1091","21-1090","21-1000","21-1000"
"190","21-1092","21-1090","21-1000","21-1000"
"191","21-1093","21-1090","21-1000","21-1000"
"192","21-1094","21-1090","21-1000","21-1000"
"193","21-1099","21-1090","21-1000","21-1000"
"194","21-2011","21-2010","21-2000","21-2000"
"195","21-2021","21-2020","21-2000","21-2000"
"196","21-2099","21-2090","21-2000","21-2000"
"197","23-1011","23-1010","23-1000","23-1000"
"198","23-1012","23-1010","23-1000","23-1000"
"199","23-1021","23-1020","23-1000","23-1000"
"200","23-1022","23-1020","23-1000","23-1000"
"201","23-1023","23-1020","23-1000","23-1000"
"202","23-2011","23-2010","23-2000","23-2000"
"203","23-2093","23-2090","23-2000","23-2000"
"204","23-2099","23-2090","23-2000","23-2000"
"205","25-1011","25-1010","25-1000","25-1000"
"206","25-1021","25-1020","25-1000","25-1000"
"207","25-1022","25-1020","25-1000","25-1000"
"208","25-1031","25-1030","25-1000","25-1000"
"209","25-1032","25-1030","25-1000","25-1000"
"210","25-1041","25-1040","25-1000","25-1000"
"211","25-1042","25-1040","25-1000","25-1000"
"212","25-1043","25-1040","25-1000","25-1000"
"213","25-1051","25-1050","25-1000","25-1000"
"214","25-1052","25-1050","25-1000","25-1000"
"215","25-1053","25-1050","25-1000","25-1000"
"216","25-1054","25-1050","25-1000","25-1000"
"217","25-1061","25-1060","25-1000","25-1000"
"218","25-1062","25-1060","25-1000","25-1000"
"219","25-1063","25-1060","25-1000","25-1000"
"220","25-1064","25-1060","25-1000","25-1000"
"221","25-1065","25-1060","25-1000","25-1000"
"222","25-1066","25-1060","25-1000","25-1000"
"223","25-1067","25-1060","25-1000","25-1000"
"224","25-1069","25-1060","25-1000","25-1000"
"225","25-1071","25-1070","25-1000","25-1000"
"226","25-1072","25-1070","25-1000","25-1000"
"227","25-1081","25-1080","25-1000","25-1000"
"228","25-1082","25-1080","25-1000","25-1000"
"229","25-1111","25-1110","25-1100","25-1000"
"230","25-1112","25-1110","25-1100","25-1000"
"231","25-1113","25-1110","25-1100","25-1000"
"232","25-1121","25-1120","25-1100","25-1000"
"233","25-1122","25-1120","25-1100","25-1000"
"234","25-1123","25-1120","25-1100","25-1000"
"235","25-1124","25-1120","25-1100","25-1000"
"236","25-1125","25-1120","25-1100","25-1000"
"237","25-1126","25-1120","25-1100","25-1000"
"238","25-1192","25-1190","25-1100","25-1000"
"239","25-1193","25-1190","25-1100","25-1000"
"240","25-1194","25-1190","25-1100","25-1000"
"241","25-1199","25-1190","25-1100","25-1000"
"242","25-2011","25-2010","25-2000","25-2000"
"243","25-2012","25-2010","25-2000","25-2000"
"244","25-2021","25-2020","25-2000","25-2000"
"245","25-2022","25-2020","25-2000","25-2000"
"246","25-2023","25-2020","25-2000","25-2000"
"247","25-2031","25-2030","25-2000","25-2000"
"248","25-2032","25-2030","25-2000","25-2000"
"249","25-2051","25-2050","25-2000","25-2000"
"250","25-2055","25-2050","25-2000","25-2000"
"251","25-2056","25-2050","25-2000","25-2000"
"252","25-2057","25-2050","25-2000","25-2000"
"253","25-2058","25-2050","25-2000","25-2000"
"254","25-2059","25-2050","25-2000","25-2000"
"255","25-3011","25-3010","25-3000","25-3000"
"256","25-3021","25-3020","25-3000","25-3000"
"257","25-3031","25-3030","25-3000","25-3000"
"258","25-3041","25-3040","25-3000","25-3000"
"259","25-3099","25-3090","25-3000","25-3000"
"260","25-4011","25-4010","25-4000","25-4000"
"261","25-4012","25-4010","25-4000","25-4000"
"262","25-4013","25-4010","25-4000","25-4000"
"263","25-4022","25-4020","25-4000","25-4000"
"264","25-4031","25-4030","25-4000","25-4000"
"265","25-9021","25-9020","25-9000","25-9000"
"266","25-9031","25-9030","25-9000","25-9000"
"267","25-9042","25-9040","25-9000","25-9000"
"268","25-9043","25-9040","25-9000","25-9000"
"269","25-9044","25-9040","25-9000","25-9000"
"270","25-9049","25-9040","25-9000","25-9000"
"271","25-9099","25-9090","25-9000","25-9000"
"272","27-1011","27-1010","27-1000","27-1000"
"273","27-1012","27-1010","27-1000","27-1000"
"274","27-1013","27-1010","27-1000","27-1000"
"275","27-1014","27-1010","27-1000","27-1000"
"276","27-1019","27-1010","27-1000","27-1000"
"277","27-1021","27-1020","27-1000","27-1000"
"278","27-1022","27-1020","27-1000","27-1000"
"279","27-1023","27-1020","27-1000","27-1000"
"280","27-1024","27-1020","27-1000","27-1000"
"281","27-1025","27-1020","27-1000","27-1000"
"282","27-1026","27-1020","27-1000","27-1000"
"283","27-1027","27-1020","27-1000","27-1000"
"284","27-1029","27-1020","27-1000","27-1000"
"285","27-2011","27-2010","27-2000","27-2000"
"286","27-2012","27-2010","27-2000","27-2000"
"287","27-2021","27-2020","27-2000","27-2000"
"288","27-2022","27-2020","27-2000","27-2000"
"289","27-2023","27-2020","27-2000","27-2000"
"290","27-2031","27-2030","27-2000","27-2000"
"291","27-2032","27-2030","27-2000","27-2000"
"292","27-2041","27-2040","27-2000","27-2000"
"293","27-2042","27-2040","27-2000","27-2000"
"294","27-2091","27-2090","27-2000","27-2000"
"295","27-2099","27-2090","27-2000","27-2000"
"296","27-3011","27-3010","27-3000","27-3000"
"297","27-3023","27-3020","27-3000","27-3000"
"298","27-3031","27-3030","27-3000","27-3000"
"299","27-3041","27-3040","27-3000","27-3000"
"300","27-3042","27-3040","27-3000","27-3000"
"301","27-3043","27-3040","27-3000","27-3000"
"302","27-3091","27-3090","27-3000","27-3000"
"303","27-3092","27-3090","27-3000","27-3000"
"304","27-3099","27-3090","27-3000","27-3000"
"305","27-4011","27-4010","27-4000","27-4000"
"306","27-4012","27-4010","27-4000","27-4000"
"307","27-4014","27-4010","27-4000","27-4000"
"308","27-4015","27-4010","27-4000","27-4000"
"309","27-4021","27-4020","27-4000","27-4000"
"310","27-4031","27-4030","27-4000","27-4000"
"311","27-4032","27-4030","27-4000","27-4000"
"312","27-4099","27-4090","27-4000","27-4000"
"313","29-1011","29-1010","29-1000","29-1000"
"314","29-1021","29-1020","29-1000","29-1000"
"315","29-1022","29-1020","29-1000","29-1000"
"316","29-1023","29-1020","29-1000","29-1000"
"317","29-1024","29-1020","29-1000","29-1000"
"318","29-1029","29-1020","29-1000","29-1000"
"319","29-1031","29-1030","29-1000","29-1000"
"320","29-1041","29-1040","29-1000","29-1000"
"321","29-1051","29-1050","29-1000","29-1000"
"322","29-1071","29-1070","29-1000","29-1000"
"323","29-1081","29-1080","29-1000","29-1000"
"324","29-1122","29-1120","29-1100","29-1000"
"325","29-1123","29-1120","29-1100","29-1000"
"326","29-1124","29-1120","29-1100","29-1000"
"327","29-1125","29-1120","29-1100","29-1000"
"328","29-1126","29-1120","29-1100","29-1000"
"329","29-1127","29-1120","29-1100","29-1000"
"330","29-1128","29-1120","29-1100","29-1000"
"331","29-1129","29-1120","29-1100","29-1000"
"332","29-1131","29-1130","29-1100","29-1000"
"333","29-1141","29-1140","29-1100","29-1000"
"334","29-1151","29-1150","29-1100","29-1000"
"335","29-1161","29-1160","29-1100","29-1000"
"336","29-1171","29-1170","29-1100","29-1000"
"337","29-1181","29-1180","29-1100","29-1000"
"338","29-1211","29-1210","29-1200","29-1000"
"339","29-1212","29-1210","29-1200","29-1000"
"340","29-1213","29-1210","29-1200","29-1000"
"341","29-1214","29-1210","29-1200","29-1000"
"342","29-1215","29-1210","29-1200","29-1000"
"343","29-1216","29-1210","29-1200","29-1000"
"344","29-1217","29-1210","29-1200","29-1000"
"345","29-1218","29-1210","29-1200","29-1000"
"346","29-1221","29-1220","29-1200","29-1000"
"347","29-1222","29-1220","29-1200","29-1000"
"348","29-1223","29-1220","29-1200","29-1000"
"349","29-1224","29-1220","29-1200","29-1000"
"350","29-1229","29-1220","29-1200","29-1000"
"351","29-1241","29-1240","29-1200","29-1000"
"352","29-1242","29-1240","29-1200","29-1000"
"353","29-1243","29-1240","29-1200","29-1000"
"354","29-1249","29-1240","29-1200","29-1000"
"355","29-1291","29-1290","29-1200","29-1000"
"356","29-1292","29-1290","29-1200","29-1000"
"357","29-1299","29-1290","29-1200","29-1000"
"358","29-2011","29-2010","29-2000","29-2000"
"359","29-2012","29-2010","29-2000","29-2000"
"360","29-2031","29-2030","29-2000","29-2000"
"361","29-2032","29-2030","29-2000","29-2000"
"362","29-2033","29-2030","29-2000","29-2000"
"363","29-2034","29-2030","29-2000","29-2000"
"364","29-2035","29-2030","29-2000","29-2000"
"365","29-2036","29-2030","29-2000","29-2000"
"366","29-2042","29-2040","29-2000","29-2000"
"367","29-2043","29-2040","29-2000","29-2000"
"368","29-2051","29-2050","29-2000","29-2000"
"369","29-2052","29-2050","29-2000","29-2000"
"370","29-2053","29-2050","29-2000","29-2000"
"371","29-2055","29-2050","29-2000","29-2000"
"372","29-2056","29-2050","29-2000","29-2000"
"373","29-2057","29-2050","29-2000","29-2000"
"374","29-2061","29-2060","29-2000","29-2000"
"375","29-2072","29-2070","29-2000","29-2000"
"376","29-2081","29-2080","29-2000","29-2000"
"377","29-2091","29-2090","29-2000","29-2000"
"378","29-2092","29-2090","29-2000","29-2000"
"379","29-2099","29-2090","29-2000","29-2000"
"380","29-9021","29-9020","29-9000","29-9000"
"381","29-9091","29-9090","29-9000","29-9000"
"382","29-9092","29-9090","29-9000","29-9000"
"383","29-9093","29-9090","29-9000","29-9000"
"384","29-9099","29-9090","29-9000","29-9000"
"385","31-1121","31-1120","31-1100","31-1000"
"386","31-1122","31-1120","31-1100","31-1000"
"387","31-1131","31-1130","31-1100","31-1000"
"388","31-1132","31-1130","31-1100","31-1000"
"389","31-1133","31-1130","31-1100","31-1000"
"390","31-2011","31-2010","31-2000","31-2000"
"391","31-2012","31-2010","31-2000","31-2000"
"392","31-2021","31-2020","31-2000","31-2000"
"393","31-2022","31-2020","31-2000","31-2000"
"394","31-9011","31-9010","31-9000","31-9000"
"395","31-9091","31-9090","31-9000","31-9000"
"396","31-9092","31-9090","31-9000","31-9000"
"397","31-9093","31-9090","31-9000","31-9000"
"398","31-9094","31-9090","31-9000","31-9000"
"399","31-9095","31-9090","31-9000","31-9000"
"400","31-9096","31-9090","31-9000","31-9000"
"401","31-9097","31-9090","31-9000","31-9000"
"402","31-9099","31-9090","31-9000","31-9000"
"403","33-1011","33-1010","33-1000","33-1000"
"404","33-1012","33-1010","33-1000","33-1000"
"405","33-1021","33-1020","33-1000","33-1000"
"406","33-1091","33-1090","33-1000","33-1000"
"407","33-1099","33-1090","33-1000","33-1000"
"408","33-2011","33-2010","33-2000","33-2000"
"409","33-2021","33-2020","33-2000","33-2000"
"410","33-2022","33-2020","33-2000","33-2000"
"411","33-3011","33-3010","33-3000","33-3000"
"412","33-3012","33-3010","33-3000","33-3000"
"413","33-3021","33-3020","33-3000","33-3000"
"414","33-3031","33-3030","33-3000","33-3000"
"415","33-3041","33-3040","33-3000","33-3000"
"416","33-3051","33-3050","33-3000","33-3000"
"417","33-3052","33-3050","33-3000","33-3000"
"418","33-9011","33-9010","33-9000","33-9000"
"419","33-9021","33-9020","33-9000","33-9000"
"420","33-9031","33-9030","33-9000","33-9000"
"421","33-9032","33-9030","33-9000","33-9000"
"422","33-9091","33-9090","33-9000","33-9000"
"423","33-9092","33-9090","33-9000","33-9000"
"424","33-9093","33-9090","33-9000","33-9000"
"425","33-9094","33-9090","33-9000","33-9000"
"426","33-9099","33-9090","33-9000","33-9000"
"427","35-1011","35-1010","35-1000","35-1000"
"428","35-1012","35-1010","35-1000","35-1000"
"429","35-2011","35-2010","35-2000","35-2000"
"430","35-2012","35-2010","35-2000","35-2000"
"431","35-2013","35-2010","35-2000","35-2000"
"432","35-2014","35-2010","35-2000","35-2000"
"433","35-2015","35-2010","35-2000","35-2000"
"434","35-2019","35-2010","35-2000","35-2000"
"435","35-2021","35-2020","35-2000","35-2000"
"436","35-3011","35-3010","35-3000","35-3000"
"437","35-3023","35-3020","35-3000","35-3000"
"438","35-3031","35-3030","35-3000","35-3000"
"439","35-3041","35-3040","35-3000","35-3000"
"440","35-9011","35-9010","35-9000","35-9000"
"441","35-9021","35-9020","35-9000","35-9000"
"442","35-9031","35-9030","35-9000","35-9000"
"443","35-9099","35-9090","35-9000","35-9000"
"444","37-1011","37-1010","37-1000","37-1000"
"445","37-1012","37-1010","37-1000","37-1000"
"446","37-2011","37-2010","37-2000","37-2000"
"447","37-2012","37-2010","37-2000","37-2000"
"448","37-2019","37-2010","37-2000","37-2000"
"449","37-2021","37-2020","37-2000","37-2000"
"450","37-3011","37-3010","37-3000","37-3000"
"451","37-3012","37-3010","37-3000","37-3000"
"452","37-3013","37-3010","37-3000","37-3000"
"453","37-3019","37-3010","37-3000","37-3000"
"454","39-1013","39-1010","39-1000","39-1000"
"455","39-1014","39-1010","39-1000","39-1000"
"456","39-1022","39-1020","39-1000","39-1000"
"457","39-2011","39-2010","39-2000","39-2000"
"458","39-2021","39-2020","39-2000","39-2000"
"459","39-3011","39-3010","39-3000","39-3000"
"460","39-3012","39-3010","39-3000","39-3000"
"461","39-3019","39-3010","39-3000","39-3000"
"462","39-3021","39-3020","39-3000","39-3000"
"463","39-3031","39-3030","39-3000","39-3000"
"464","39-3091","39-3090","39-3000","39-3000"
"465","39-3092","39-3090","39-3000","39-3000"
"466","39-3093","39-3090","39-3000","39-3000"
"467","39-3099","39-3090","39-3000","39-3000"
"468","39-4011","39-4010","39-4000","39-4000"
"469","39-4012","39-4010","39-4000","39-4000"
"470","39-4021","39-4020","39-4000","39-4000"
"471","39-4031","39-4030","39-4000","39-4000"
"472","39-5011","39-5010","39-5000","39-5000"
"473","39-5012","39-5010","39-5000","39-5000"
"474","39-5091","39-5090","39-5000","39-5000"
"475","39-5092","39-5090","39-5000","39-5000"
"476","39-5093","39-5090","39-5000","39-5000"
"477","39-5094","39-5090","39-5000","39-5000"
"478","39-6011","39-6010","39-6000","39-6000"
"479","39-6012","39-6010","39-6000","39-6000"
"480","39-7011","39-7010","39-7000","39-7000"
"481","39-7012","39-7010","39-7000","39-7000"
"482","39-9011","39-9010","39-9000","39-9000"
"483","39-9031","39-9030","39-9000","39-9000"
"484","39-9032","39-9030","39-9000","39-9000"
"485","39-9041","39-9040","39-9000","39-9000"
"486","39-9099","39-9090","39-9000","39-9000"
"487","41-1011","41-1010","41-1000","41-1000"
"488","41-1012","41-1010","41-1000","41-1000"
"489","41-2011","41-2010","41-2000","41-2000"
"490","41-2012","41-2010","41-2000","41-2000"
"491","41-2021","41-2020","41-2000","41-2000"
"492","41-2022","41-2020","41-2000","41-2000"
"493","41-2031","41-2030","41-2000","41-2000"
"494","41-3011","41-3010","41-3000","41-3000"
"495","41-3021","41-3020","41-3000","41-3000"
"496","41-3031","41-3030","41-3000","41-3000"
"497","41-3041","41-3040","41-3000","41-3000"
"498","41-3091","41-3090","41-3000","41-3000"
"499","41-4011","41-4010","41-4000","41-4000"
"500","41-4012","41-4010","41-4000","41-4000"
"501","41-9011","41-9010","41-9000","41-9000"
"502","41-9012","41-9010","41-9000","41-9000"
"503","41-9021","41-9020","41-9000","41-9000"
"504","41-9022","41-9020","41-9000","41-9000"
"505","41-9031","41-9030","41-9000","41-9000"
"506","41-9041","41-9040","41-9000","41-9000"
"507","41-9091","41-9090","41-9000","41-9000"
"508","41-9099","41-9090","41-9000","41-9000"
"509","43-1011","43-1010","43-1000","43-1000"
"510","43-2011","43-2010","43-2000","43-2000"
"511","43-2021","43-2020","43-2000","43-2000"
"512","43-2099","43-2090","43-2000","43-2000"
"513","43-3011","43-3010","43-3000","43-3000"
"514","43-3021","43-3020","43-3000","43-3000"
"515","43-3031","43-3030","43-3000","43-3000"
"516","43-3041","43-3040","43-3000","43-3000"
"517","43-3051","43-3050","43-3000","43-3000"
"518","43-3061","43-3060","43-3000","43-3000"
"519","43-3071","43-3070","43-3000","43-3000"
"520","43-3099","43-3090","43-3000","43-3000"
"521","43-4011","43-4010","43-4000","43-4000"
"522","43-4021","43-4020","43-4000","43-4000"
"523","43-4031","43-4030","43-4000","43-4000"
"524","43-4041","43-4040","43-4000","43-4000"
"525","43-4051","43-4050","43-4000","43-4000"
"526","43-4061","43-4060","43-4000","43-4000"
"527","43-4071","43-4070","43-4000","43-4000"
"528","43-4081","43-4080","43-4000","43-4000"
"529","43-4111","43-4110","43-4100","43-4000"
"530","43-4121","43-4120","43-4100","43-4000"
"531","43-4131","43-4130","43-4100","43-4000"
"532","43-4141","43-4140","43-4100","43-4000"
"533","43-4151","43-4150","43-4100","43-4000"
"534","43-4161","43-4160","43-4100","43-4000"
"535","43-4171","43-4170","43-4100","43-4000"
"536","43-4181","43-4180","43-4100","43-4000"
"537","43-4199","43-4190","43-4100","43-4000"
"538","43-5011","43-5010","43-5000","43-5000"
"539","43-5021","43-5020","43-5000","43-5000"
"540","43-5031","43-5030","43-5000","43-5000"
"541","43-5032","43-5030","43-5000","43-5000"
"542","43-5041","43-5040","43-5000","43-5000"
"543","43-5051","43-5050","43-5000","43-5000"
"544","43-5052","43-5050","43-5000","43-5000"
"545","43-5053","43-5050","43-5000","43-5000"
"546","43-5061","43-5060","43-5000","43-5000"
"547","43-5071","43-5070","43-5000","43-5000"
"548","43-5111","43-5110","43-5100","43-5000"
"549","43-6011","43-6010","43-6000","43-6000"
"550","43-6012","43-6010","43-6000","43-6000"
"551","43-6013","43-6010","43-6000","43-6000"
"552","43-6014","43-6010","43-6000","43-6000"
"553","43-9021","43-9020","43-9000","43-9000"
"554","43-9022","43-9020","43-9000","43-9000"
"555","43-9031","43-9030","43-9000","43-9000"
"556","43-9041","43-9040","43-9000","43-9000"
"557","43-9051","43-9050","43-9000","43-9000"
"558","43-9061","43-9060","43-9000","43-9000"
"559","43-9071","43-9070","43-9000","43-9000"
"560","43-9081","43-9080","43-9000","43-9000"
"561","43-9111","43-9110","43-9100","43-9000"
"562","43-9199","43-9190","43-9100","43-9000"
"563","45-1011","45-1010","45-1000","45-1000"
"564","45-2011","45-2010","45-2000","45-2000"
"565","45-2021","45-2020","45-2000","45-2000"
"566","45-2041","45-2040","45-2000","45-2000"
"567","45-2091","45-2090","45-2000","45-2000"
"568","45-2092","45-2090","45-2000","45-2000"
"569","45-2093","45-2090","45-2000","45-2000"
"570","45-2099","45-2090","45-2000","45-2000"
"571","45-3031","45-3030","45-3000","45-3000"
"572","45-4011","45-4010","45-4000","45-4000"
"573","45-4021","45-4020","45-4000","45-4000"
"574","45-4022","45-4020","45-4000","45-4000"
"575","45-4023","45-4020","45-4000","45-4000"
"576","45-4029","45-4020","45-4000","45-4000"
"577","47-1011","47-1010","47-1000","47-1000"
"578","47-2011","47-2010","47-2000","47-2000"
"579","47-2021","47-2020","47-2000","47-2000"
"580","47-2022","47-2020","47-2000","47-2000"
"581","47-2031","47-2030","47-2000","47-2000"
"582","47-2041","47-2040","47-2000","47-2000"
"583","47-2042","47-2040","47-2000","47-2000"
"584","47-2043","47-2040","47-2000","47-2000"
"585","47-2044","47-2040","47-2000","47-2000"
"586","47-2051","47-2050","47-2000","47-2000"
"587","47-2053","47-2050","47-2000","47-2000"
"588","47-2061","47-2060","47-2000","47-2000"
"589","47-2071","47-2070","47-2000","47-2000"
"590","47-2072","47-2070","47-2000","47-2000"
"591","47-2073","47-2070","47-2000","47-2000"
"592","47-2081","47-2080","47-2000","47-2000"
"593","47-2082","47-2080","47-2000","47-2000"
"594","47-2111","47-2110","47-2100","47-2000"
"595","47-2121","47-2120","47-2100","47-2000"
"596","47-2131","47-2130","47-2100","47-2000"
"597","47-2132","47-2130","47-2100","47-2000"
"598","47-2141","47-2140","47-2100","47-2000"
"599","47-2142","47-2140","47-2100","47-2000"
"600","47-2151","47-2150","47-2100","47-2000"
"601","47-2152","47-2150","47-2100","47-2000"
"602","47-2161","47-2160","47-2100","47-2000"
"603","47-2171","47-2170","47-2100","47-2000"
"604","47-2181","47-2180","47-2100","47-2000"
"605","47-2211","47-2210","47-2200","47-2000"
"606","47-2221","47-2220","47-2200","47-2000"
"607","47-2231","47-2230","47-2200","47-2000"
"608","47-3011","47-3010","47-3000","47-3000"
"609","47-3012","47-3010","47-3000","47-3000"
"610","47-3013","47-3010","47-3000","47-3000"
"611","47-3014","47-3010","47-3000","47-3000"
"612","47-3015","47-3010","47-3000","47-3000"
"613","47-3016","47-3010","47-3000","47-3000"
"614","47-3019","47-3010","47-3000","47-3000"
"615","47-4011","47-4010","47-4000","47-4000"
"616","47-4021","47-4020","47-4000","47-4000"
"617","47-4031","47-4030","47-4000","47-4000"
"618","47-4041","47-4040","47-4000","47-4000"
"619","47-4051","47-4050","47-4000","47-4000"
"620","47-4061","47-4060","47-4000","47-4000"
"621","47-4071","47-4070","47-4000","47-4000"
"622","47-4091","47-4090","47-4000","47-4000"
"623","47-4099","47-4090","47-4000","47-4000"
"624","47-5011","47-5010","47-5000","47-5000"
"625","47-5012","47-5010","47-5000","47-5000"
"626","47-5013","47-5010","47-5000","47-5000"
"627","47-5022","47-5020","47-5000","47-5000"
"628","47-5023","47-5020","47-5000","47-5000"
"629","47-5032","47-5030","47-5000","47-5000"
"630","47-5041","47-5040","47-5000","47-5000"
"631","47-5043","47-5040","47-5000","47-5000"
"632","47-5044","47-5040","47-5000","47-5000"
"633","47-5049","47-5040","47-5000","47-5000"
"634","47-5051","47-5050","47-5000","47-5000"
"635","47-5071","47-5070","47-5000","47-5000"
"636","47-5081","47-5080","47-5000","47-5000"
"637","47-5099","47-5090","47-5000","47-5000"
"638","49-1011","49-1010","49-1000","49-1000"
"639","49-2011","49-2010","49-2000","49-2000"
"640","49-2021","49-2020","49-2000","49-2000"
"641","49-2022","49-2020","49-2000","49-2000"
"642","49-2091","49-2090","49-2000","49-2000"
"643","49-2092","49-2090","49-2000","49-2000"
"644","49-2093","49-2090","49-2000","49-2000"
"645","49-2094","49-2090","49-2000","49-2000"
"646","49-2095","49-2090","49-2000","49-2000"
"647","49-2096","49-2090","49-2000","49-2000"
"648","49-2097","49-2090","49-2000","49-2000"
"649","49-2098","49-2090","49-2000","49-2000"
"650","49-3011","49-3010","49-3000","49-3000"
"651","49-3021","49-3020","49-3000","49-3000"
"652","49-3022","49-3020","49-3000","49-3000"
"653","49-3023","49-3020","49-3000","49-3000"
"654","49-3031","49-3030","49-3000","49-3000"
"655","49-3041","49-3040","49-3000","49-3000"
"656","49-3042","49-3040","49-3000","49-3000"
"657","49-3043","49-3040","49-3000","49-3000"
"658","49-3051","49-3050","49-3000","49-3000"
"659","49-3052","49-3050","49-3000","49-3000"
"660","49-3053","49-3050","49-3000","49-3000"
"661","49-3091","49-3090","49-3000","49-3000"
"662","49-3092","49-3090","49-3000","49-3000"
"663","49-3093","49-3090","49-3000","49-3000"
"664","49-9011","49-9010","49-9000","49-9000"
"665","49-9012","49-9010","49-9000","49-9000"
"666","49-9021","49-9020","49-9000","49-9000"
"667","49-9031","49-9030","49-9000","49-9000"
"668","49-9041","49-9040","49-9000","49-9000"
"669","49-9043","49-9040","49-9000","49-9000"
"670","49-9044","49-9040","49-9000","49-9000"
"671","49-9045","49-9040","49-9000","49-9000"
"672","49-9051","49-9050","49-9000","49-9000"
"673","49-9052","49-9050","49-9000","49-9000"
"674","49-9061","49-9060","49-9000","49-9000"
"675","49-9062","49-9060","49-9000","49-9000"
"676","49-9063","49-9060","49-9000","49-9000"
"677","49-9064","49-9060","49-9000","49-9000"
"678","49-9069","49-9060","49-9000","49-9000"
"679","49-9071","49-9070","49-9000","49-9000"
"680","49-9081","49-9080","49-9000","49-9000"
"681","49-9091","49-9090","49-9000","49-9000"
"682","49-9092","49-9090","49-9000","49-9000"
"683","49-9094","49-9090","49-9000","49-9000"
"684","49-9095","49-9090","49-9000","49-9000"
"685","49-9096","49-9090","49-9000","49-9000"
"686","49-9097","49-9090","49-9000","49-9000"
"687","49-9098","49-9090","49-9000","49-9000"
"688","49-9099","49-9090","49-9000","49-9000"
"689","51-1011","51-1010","51-1000","51-1000"
"690","51-2011","51-2010","51-2000","51-2000"
"691","51-2021","51-2020","51-2000","51-2000"
"692","51-2022","51-2020","51-2000","51-2000"
"693","51-2023","51-2020","51-2000","51-2000"
"694","51-2031","51-2030","51-2000","51-2000"
"695","51-2041","51-2040","51-2000","51-2000"
"696","51-2051","51-2050","51-2000","51-2000"
"697","51-2061","51-2060","51-2000","51-2000"
"698","51-2092","51-2090","51-2000","51-2000"
"699","51-2099","51-2090","51-2000","51-2000"
"700","51-3011","51-3010","51-3000","51-3000"
"701","51-3021","51-3020","51-3000","51-3000"
"702","51-3022","51-3020","51-3000","51-3000"
"703","51-3023","51-3020","51-3000","51-3000"
"704","51-3091","51-3090","51-3000","51-3000"
"705","51-3092","51-3090","51-3000","51-3000"
"706","51-3093","51-3090","51-3000","51-3000"
"707","51-3099","51-3090","51-3000","51-3000"
"708","51-4021","51-4020","51-4000","51-4000"
"709","51-4022","51-4020","51-4000","51-4000"
"710","51-4023","51-4020","51-4000","51-4000"
"711","51-4031","51-4030","51-4000","51-4000"
"712","51-4032","51-4030","51-4000","51-4000"
"713","51-4033","51-4030","51-4000","51-4000"
"714","51-4034","51-4030","51-4000","51-4000"
"715","51-4035","51-4030","51-4000","51-4000"
"716","51-4041","51-4040","51-4000","51-4000"
"717","51-4051","51-4050","51-4000","51-4000"
"718","51-4052","51-4050","51-4000","51-4000"
"719","51-4061","51-4060","51-4000","51-4000"
"720","51-4062","51-4060","51-4000","51-4000"
"721","51-4071","51-4070","51-4000","51-4000"
"722","51-4072","51-4070","51-4000","51-4000"
"723","51-4081","51-4080","51-4000","51-4000"
"724","51-4111","51-4110","51-4100","51-4000"
"725","51-4121","51-4120","51-4100","51-4000"
"726","51-4122","51-4120","51-4100","51-4000"
"727","51-4191","51-4190","51-4100","51-4000"
"728","51-4192","51-4190","51-4100","51-4000"
"729","51-4193","51-4190","51-4100","51-4000"
"730","51-4194","51-4190","51-4100","51-4000"
"731","51-4199","51-4190","51-4100","51-4000"
"732","51-5111","51-5110","51-5100","51-5000"
"733","51-5112","51-5110","51-5100","51-5000"
"734","51-5113","51-5110","51-5100","51-5000"
"735","51-6011","51-6010","51-6000","51-6000"
"736","51-6021","51-6020","51-6000","51-6000"
"737","51-6031","51-6030","51-6000","51-6000"
"738","51-6041","51-6040","51-6000","51-6000"
"739","51-6042","51-6040","51-6000","51-6000"
"740","51-6051","51-6050","51-6000","51-6000"
"741","51-6052","51-6050","51-6000","51-6000"
"742","51-6061","51-6060","51-6000","51-6000"
"743","51-6062","51-6060","51-6000","51-6000"
"744","51-6063","51-6060","51-6000","51-6000"
"745","51-6064","51-6060","51-6000","51-6000"
"746","51-6091","51-6090","51-6000","51-6000"
"747","51-6092","51-6090","51-6000","51-6000"
"748","51-6093","51-6090","51-6000","51-6000"
"749","51-6099","51-6090","51-6000","51-6000"
"750","51-7011","51-7010","51-7000","51-7000"
"751","51-7021","51-7020","51-7000","51-7000"
"752","51-7031","51-7030","51-7000","51-7000"
"753","51-7032","51-7030","51-7000","51-7000"
"754","51-7041","51-7040","51-7000","51-7000"
"755","51-7042","51-7040","51-7000","51-7000"
"756","51-7099","51-7090","51-7000","51-7000"
"757","51-8011","51-8010","51-8000","51-8000"
"758","51-8012","51-8010","51-8000","51-8000"
"759","51-8013","51-8010","51-8000","51-8000"
"760","51-8021","51-8020","51-8000","51-8000"
"761","51-8031","51-8030","51-8000","51-8000"
"762","51-8091","51-8090","51-8000","51-8000"
"763","51-8092","51-8090","51-8000","51-8000"
"764","51-8093","51-8090","51-8000","51-8000"
"765","51-8099","51-8090","51-8000","51-8000"
"766","51-9011","51-9010","51-9000","51-9000"
"767","51-9012","51-9010","51-9000","51-9000"
"768","51-9021","51-9020","51-9000","51-9000"
"769","51-9022","51-9020","51-9000","51-9000"
"770","51-9023","51-9020","51-9000","51-9000"
"771","51-9031","51-9030","51-9000","51-9000"
"772","51-9032","51-9030","51-9000","51-9000"
"773","51-9041","51-9040","51-9000","51-9000"
"774","51-9051","51-9050","51-9000","51-9000"
"775","51-9061","51-9060","51-9000","51-9000"
"776","51-9071","51-9070","51-9000","51-9000"
"777","51-9081","51-9080","51-9000","51-9000"
"778","51-9082","51-9080","51-9000","51-9000"
"779","51-9083","51-9080","51-9000","51-9000"
"780","51-9111","51-9110","51-9100","51-9000"
"781","51-9123","51-9120","51-9100","51-9000"
"782","51-9124","51-9120","51-9100","51-9000"
"783","51-9141","51-9140","51-9100","51-9000"
"784","51-9151","51-9150","51-9100","51-9000"
"785","51-9161","51-9160","51-9100","51-9000"
"786","51-9162","51-9160","51-9100","51-9000"
"787","51-9191","51-9190","51-9100","51-9000"
"788","51-9192","51-9190","51-9100","51-9000"
"789","51-9193","51-9190","51-9100","51-9000"
"790","51-9194","51-9190","51-9100","51-9000"
"791","51-9195","51-9190","51-9100","51-9000"
"792","51-9196","51-9190","51-9100","51-9000"
"793","51-9197","51-9190","51-9100","51-9000"
"794","51-9198","51-9190","51-9100","51-9000"
"795","51-9199","51-9190","51-9100","51-9000"
"796","53-1041","53-1040","53-1000","53-1000"
"797","53-1042","53-1040","53-1000","53-1000"
"798","53-1043","53-1040","53-1000","53-1000"
"799","53-1044","53-1040","53-1000","53-1000"
"800","53-1049","53-1040","53-1000","53-1000"
"801","53-2011","53-2010","53-2000","53-2000"
"802","53-2012","53-2010","53-2000","53-2000"
"803","53-2021","53-2020","53-2000","53-2000"
"804","53-2022","53-2020","53-2000","53-2000"
"805","53-2031","53-2030","53-2000","53-2000"
"806","53-3011","53-3010","53-3000","53-3000"
"807","53-3031","53-3030","53-3000","53-3000"
"808","53-3032","53-3030","53-3000","53-3000"
"809","53-3033","53-3030","53-3000","53-3000"
"810","53-3051","53-3050","53-3000","53-3000"
"811","53-3052","53-3050","53-3000","53-3000"
"812","53-3053","53-3050","53-3000","53-3000"
"813","53-3054","53-3050","53-3000","53-3000"
"814","53-3099","53-3090","53-3000","53-3000"
"815","53-4011","53-4010","53-4000","53-4000"
"816","53-4013","53-4010","53-4000","53-4000"
"817","53-4022","53-4020","53-4000","53-4000"
"818","53-4031","53-4030","53-4000","53-4000"
"819","53-4041","53-4040","53-4000","53-4000"
"820","53-4099","53-4090","53-4000","53-4000"
"821","53-5011","53-5010","53-5000","53-5000"
"822","53-5021","53-5020","53-5000","53-5000"
"823","53-5022","53-5020","53-5000","53-5000"
"824","53-5031","53-5030","53-5000","53-5000"
"825","53-6011","53-6010","53-6000","53-6000"
"826","53-6021","53-6020","53-6000","53-6000"
"827","53-6031","53-6030","53-6000","53-6000"
"828","53-6032","53-6030","53-6000","53-6000"
"829","53-6041","53-6040","53-6000","53-6000"
"830","53-6051","53-6050","53-6000","53-6000"
"831","53-6061","53-6060","53-6000","53-6000"
"832","53-6099","53-6090","53-6000","53-6000"
"833","53-7011","53-7010","53-7000","53-7000"
"834","53-7021","53-7020","53-7000","53-7000"
"835","53-7031","53-7030","53-7000","53-7000"
"836","53-7041","53-7040","53-7000","53-7000"
"837","53-7051","53-7050","53-7000","53-7000"
"838","53-7061","53-7060","53-7000","53-7000"
"839","53-7062","53-7060","53-7000","53-7000"
"840","53-7063","53-7060","53-7000","53-7000"
"841","53-7064","53-7060","53-7000","53-7000"
"842","53-7065","53-7060","53-7000","53-7000"
"843","53-7071","53-7070","53-7000","53-7000"
"844","53-7072","53-7070","53-7000","53-7000"
"845","53-7073","53-7070","53-7000","53-7000"
"846","53-7081","53-7080","53-7000","53-7000"
"847","53-7121","53-7120","53-7100","53-7000"
"848","53-7199","53-7190","53-7100","53-7000"
