"","SocCode","n","SOC Broad Occupation","SOC Minor Occupation","OCCSOC","ACS_occupation"
"1","11-1021",533,"11-1020","11-1000","11-1021","11-1021"
"2","11-2011",533,"11-2010","11-2000","11-2011","11-2011"
"3","11-2021",533,"11-2020","11-2000","11-2021","11-2021"
"4","11-2022",533,"11-2020","11-2000","11-2022","11-2022"
"5","11-3012",533,"11-3010","11-3000","11-3012","11-3012"
"6","11-3013",533,"11-3010","11-3000","11-3013","11-3013"
"7","11-3021",533,"11-3020","11-3000","11-3021","11-3021"
"8","11-3031",533,"11-3030","11-3000","11-3031","11-3031"
"9","11-3051",533,"11-3050","11-3000","11-3051","11-3051"
"10","11-3061",533,"11-3060","11-3000","11-3061","11-3061"
"11","11-3071",533,"11-3070","11-3000","11-3071","11-3071"
"12","11-3111",533,"11-3110","11-3000","11-3111","11-3111"
"13","11-3121",533,"11-3120","11-3000","11-3121","11-3121"
"14","11-3131",533,"11-3130","11-3000","11-3131","11-3131"
"15","11-9013",533,"11-9010","11-9000","11-9013","11-9013"
"16","11-9021",533,"11-9020","11-9000","11-9021","11-9021"
"17","11-9041",533,"11-9040","11-9000","11-9041","11-9041"
"18","11-9051",533,"11-9050","11-9000","11-9051","11-9051"
"19","11-9081",533,"11-9080","11-9000","11-9081","11-9081"
"20","11-9111",533,"11-9110","11-9000","11-9111","11-9111"
"21","11-9121",533,"11-9120","11-9000","11-9121","11-9121"
"22","11-9141",533,"11-9140","11-9000","11-9141","11-9141"
"23","11-9151",533,"11-9150","11-9000","11-9151","11-9151"
"24","11-9161",533,"11-9160","11-9000","11-9161","11-9161"
"25","13-1011",533,"13-1010","13-1000","13-1011","13-1011"
"26","13-1021",533,"13-1020","13-1000","13-1021","13-1021"
"27","13-1022",533,"13-1020","13-1000","13-1022","13-1022"
"28","13-1023",533,"13-1020","13-1000","13-1023","13-1023"
"29","13-1041",533,"13-1040","13-1000","13-1041","13-1041"
"30","13-1051",533,"13-1050","13-1000","13-1051","13-1051"
"31","13-1081",533,"13-1080","13-1000","13-1081","13-1081"
"32","13-1082",533,"13-1080","13-1000","13-1082","13-1082"
"33","13-1111",533,"13-1110","13-1000","13-1111","13-1111"
"34","13-1121",533,"13-1120","13-1000","13-1121","13-1121"
"35","13-1131",533,"13-1130","13-1000","13-1131","13-1131"
"36","13-1141",533,"13-1140","13-1000","13-1141","13-1141"
"37","13-1151",533,"13-1150","13-1000","13-1151","13-1151"
"38","13-1161",533,"13-1160","13-1000","13-1161","13-1161"
"39","13-1199",533,"13-1190","13-1000","13-1199","13-1199"
"40","13-2011",533,"13-2010","13-2000","13-2011","13-2011"
"41","13-2031",533,"13-2030","13-2000","13-2031","13-2031"
"42","13-2041",533,"13-2040","13-2000","13-2041","13-2041"
"43","13-2051",533,"13-2050","13-2000","13-2051","13-2051"
"44","13-2052",533,"13-2050","13-2000","13-2052","13-2052"
"45","13-2053",533,"13-2050","13-2000","13-2053","13-2053"
"46","13-2061",533,"13-2060","13-2000","13-2061","13-2061"
"47","13-2081",533,"13-2080","13-2000","13-2081","13-2081"
"48","13-2082",533,"13-2080","13-2000","13-2082","13-2082"
"49","15-1211",533,"15-1210","15-1000","15-1211","15-1211"
"50","15-1212",533,"15-1210","15-1000","15-1212","15-1212"
"51","15-1221",533,"15-1220","15-1000","15-1221","15-1221"
"52","15-1241",533,"15-1240","15-1000","15-1241","15-1241"
"53","15-1244",533,"15-1240","15-1000","15-1244","15-1244"
"54","15-1251",533,"15-1250","15-1000","15-1251","15-1251"
"55","15-1252",533,"15-1250","15-1000","15-1252","15-1252"
"56","15-1253",533,"15-1250","15-1000","15-1253","15-1253"
"57","15-1254",533,"15-1250","15-1000","15-1254","15-1254"
"58","15-1255",533,"15-1250","15-1000","15-1255","15-1255"
"59","15-1299",533,"15-1290","15-1000","15-1299","15-1299"
"60","15-2011",533,"15-2010","15-2000","15-2011","15-2011"
"61","15-2031",533,"15-2030","15-2000","15-2031","15-2031"
"62","17-1011",533,"17-1010","17-1000","17-1011","17-1011"
"63","17-1012",533,"17-1010","17-1000","17-1012","17-1012"
"64","17-2011",533,"17-2010","17-2000","17-2011","17-2011"
"65","17-2041",533,"17-2040","17-2000","17-2041","17-2041"
"66","17-2051",533,"17-2050","17-2000","17-2051","17-2051"
"67","17-2061",533,"17-2060","17-2000","17-2061","17-2061"
"68","17-2081",533,"17-2080","17-2000","17-2081","17-2081"
"69","17-2121",533,"17-2120","17-2000","17-2121","17-2121"
"70","17-2131",533,"17-2130","17-2000","17-2131","17-2131"
"71","17-2141",533,"17-2140","17-2000","17-2141","17-2141"
"72","17-3011",533,"17-3010","17-3000","17-3011","17-3011"
"73","17-3023",533,"17-3020","17-3000","17-3023","17-3023"
"74","17-3031",533,"17-3030","17-3000","17-3031","17-3031"
"75","19-2021",533,"19-2020","19-2000","19-2021","19-2021"
"76","19-2041",533,"19-2040","19-2000","19-2041","19-2041"
"77","19-2099",533,"19-2090","19-2000","19-2099","19-2099"
"78","19-3011",533,"19-3010","19-3000","19-3011","19-3011"
"79","19-3033",533,"19-3030","19-3000","19-3033","19-3033"
"80","19-3034",533,"19-3030","19-3000","19-3034","19-3034"
"81","19-3051",533,"19-3050","19-3000","19-3051","19-3051"
"82","19-4021",533,"19-4020","19-4000","19-4021","19-4021"
"83","19-4031",533,"19-4030","19-4000","19-4031","19-4031"
"84","21-1011",533,"21-1010","21-1000","21-1011","21-1011"
"85","21-1012",533,"21-1010","21-1000","21-1012","21-1012"
"86","21-1013",533,"21-1010","21-1000","21-1013","21-1013"
"87","21-1014",533,"21-1010","21-1000","21-1014","21-1014"
"88","21-1015",533,"21-1010","21-1000","21-1015","21-1015"
"89","21-1019",533,"21-1010","21-1000","21-1019","21-1019"
"90","21-1021",533,"21-1020","21-1000","21-1021","21-1021"
"91","21-1022",533,"21-1020","21-1000","21-1022","21-1022"
"92","21-1023",533,"21-1020","21-1000","21-1023","21-1023"
"93","21-1029",533,"21-1020","21-1000","21-1029","21-1029"
"94","21-1092",533,"21-1090","21-1000","21-1092","21-1092"
"95","21-1093",533,"21-1090","21-1000","21-1093","21-1093"
"96","21-2011",533,"21-2010","21-2000","21-2011","21-2011"
"97","21-2021",533,"21-2020","21-2000","21-2021","21-2021"
"98","21-2099",533,"21-2090","21-2000","21-2099","21-2099"
"99","23-1012",533,"23-1010","23-1000","23-1012","23-1012"
"100","23-2011",533,"23-2010","23-2000","23-2011","23-2011"
"101","23-2093",533,"23-2090","23-2000","23-2093","23-2093"
"102","23-2099",533,"23-2090","23-2000","23-2099","23-2099"
"103","25-3041",533,"25-3040","25-3000","25-3041","25-3041"
"104","25-4022",533,"25-4020","25-4000","25-4022","25-4022"
"105","25-4031",533,"25-4030","25-4000","25-4031","25-4031"
"106","27-1021",533,"27-1020","27-1000","27-1021","27-1021"
"107","27-1022",533,"27-1020","27-1000","27-1022","27-1022"
"108","27-1023",533,"27-1020","27-1000","27-1023","27-1023"
"109","27-1024",533,"27-1020","27-1000","27-1024","27-1024"
"110","27-1025",533,"27-1020","27-1000","27-1025","27-1025"
"111","27-1026",533,"27-1020","27-1000","27-1026","27-1026"
"112","27-2011",533,"27-2010","27-2000","27-2011","27-2011"
"113","27-2012",533,"27-2010","27-2000","27-2012","27-2012"
"114","27-2021",533,"27-2020","27-2000","27-2021","27-2021"
"115","27-2022",533,"27-2020","27-2000","27-2022","27-2022"
"116","27-2023",533,"27-2020","27-2000","27-2023","27-2023"
"117","27-2041",533,"27-2040","27-2000","27-2041","27-2041"
"118","27-2042",533,"27-2040","27-2000","27-2042","27-2042"
"119","27-2091",533,"27-2090","27-2000","27-2091","27-2091"
"120","27-2099",533,"27-2090","27-2000","27-2099","27-2099"
"121","27-3011",533,"27-3010","27-3000","27-3011","27-3011"
"122","27-3023",533,"27-3020","27-3000","27-3023","27-3023"
"123","27-3031",533,"27-3030","27-3000","27-3031","27-3031"
"124","27-3041",533,"27-3040","27-3000","27-3041","27-3041"
"125","27-3042",533,"27-3040","27-3000","27-3042","27-3042"
"126","27-3043",533,"27-3040","27-3000","27-3043","27-3043"
"127","27-3091",533,"27-3090","27-3000","27-3091","27-3091"
"128","27-3092",533,"27-3090","27-3000","27-3092","27-3092"
"129","27-3099",533,"27-3090","27-3000","27-3099","27-3099"
"130","27-4021",533,"27-4020","27-4000","27-4021","27-4021"
"131","29-1011",533,"29-1010","29-1000","29-1011","29-1011"
"132","29-1031",533,"29-1030","29-1000","29-1031","29-1031"
"133","29-1041",533,"29-1040","29-1000","29-1041","29-1041"
"134","29-1051",533,"29-1050","29-1000","29-1051","29-1051"
"135","29-1071",533,"29-1070","29-1000","29-1071","29-1071"
"136","29-1081",533,"29-1080","29-1000","29-1081","29-1081"
"137","29-1122",533,"29-1120","29-1000","29-1122","29-1122"
"138","29-1123",533,"29-1120","29-1000","29-1123","29-1123"
"139","29-1124",533,"29-1120","29-1000","29-1124","29-1124"
"140","29-1125",533,"29-1120","29-1000","29-1125","29-1125"
"141","29-1126",533,"29-1120","29-1000","29-1126","29-1126"
"142","29-1127",533,"29-1120","29-1000","29-1127","29-1127"
"143","29-1131",533,"29-1130","29-1000","29-1131","29-1131"
"144","29-1141",533,"29-1140","29-1000","29-1141","29-1141"
"145","29-1151",533,"29-1150","29-1000","29-1151","29-1151"
"146","29-1181",533,"29-1180","29-1000","29-1181","29-1181"
"147","29-1291",533,"29-1290","29-1000","29-1291","29-1291"
"148","29-1292",533,"29-1290","29-1000","29-1292","29-1292"
"149","29-1299",533,"29-1290","29-1000","29-1299","29-1299"
"150","29-2031",533,"29-2030","29-2000","29-2031","29-2031"
"151","29-2032",533,"29-2030","29-2000","29-2032","29-2032"
"152","29-2034",533,"29-2030","29-2000","29-2034","29-2034"
"153","29-2035",533,"29-2030","29-2000","29-2035","29-2035"
"154","29-2042",533,"29-2040","29-2000","29-2042","29-2042"
"155","29-2043",533,"29-2040","29-2000","29-2043","29-2043"
"156","29-2052",533,"29-2050","29-2000","29-2052","29-2052"
"157","29-2053",533,"29-2050","29-2000","29-2053","29-2053"
"158","29-2055",533,"29-2050","29-2000","29-2055","29-2055"
"159","29-2056",533,"29-2050","29-2000","29-2056","29-2056"
"160","29-2061",533,"29-2060","29-2000","29-2061","29-2061"
"161","29-2072",533,"29-2070","29-2000","29-2072","29-2072"
"162","29-2081",533,"29-2080","29-2000","29-2081","29-2081"
"163","31-1121",533,"31-1120","31-1000","31-1121","31-1121"
"164","31-1122",533,"31-1120","31-1000","31-1122","31-1122"
"165","31-1131",533,"31-1130","31-1000","31-1131","31-1131"
"166","31-9011",533,"31-9010","31-9000","31-9011","31-9011"
"167","31-9091",533,"31-9090","31-9000","31-9091","31-9091"
"168","31-9092",533,"31-9090","31-9000","31-9092","31-9092"
"169","31-9094",533,"31-9090","31-9000","31-9094","31-9094"
"170","31-9095",533,"31-9090","31-9000","31-9095","31-9095"
"171","31-9096",533,"31-9090","31-9000","31-9096","31-9096"
"172","31-9097",533,"31-9090","31-9000","31-9097","31-9097"
"173","33-1011",533,"33-1010","33-1000","33-1011","33-1011"
"174","33-1012",533,"33-1010","33-1000","33-1012","33-1012"
"175","33-1021",533,"33-1020","33-1000","33-1021","33-1021"
"176","33-2011",533,"33-2010","33-2000","33-2011","33-2011"
"177","33-3011",533,"33-3010","33-3000","33-3011","33-3011"
"178","33-3012",533,"33-3010","33-3000","33-3012","33-3012"
"179","33-3021",533,"33-3020","33-3000","33-3021","33-3021"
"180","33-9011",533,"33-9010","33-9000","33-9011","33-9011"
"181","33-9021",533,"33-9020","33-9000","33-9021","33-9021"
"182","33-9091",533,"33-9090","33-9000","33-9091","33-9091"
"183","33-9093",533,"33-9090","33-9000","33-9093","33-9093"
"184","33-9094",533,"33-9090","33-9000","33-9094","33-9094"
"185","35-1011",533,"35-1010","35-1000","35-1011","35-1011"
"186","35-1012",533,"35-1010","35-1000","35-1012","35-1012"
"187","35-2021",533,"35-2020","35-2000","35-2021","35-2021"
"188","35-3011",533,"35-3010","35-3000","35-3011","35-3011"
"189","35-3023",533,"35-3020","35-3000","35-3023","35-3023"
"190","35-3031",533,"35-3030","35-3000","35-3031","35-3031"
"191","35-3041",533,"35-3040","35-3000","35-3041","35-3041"
"192","35-9011",533,"35-9010","35-9000","35-9011","35-9011"
"193","35-9021",533,"35-9020","35-9000","35-9021","35-9021"
"194","35-9031",533,"35-9030","35-9000","35-9031","35-9031"
"195","35-9099",533,"35-9090","35-9000","35-9099","35-9099"
"196","37-1011",533,"37-1010","37-1000","37-1011","37-1011"
"197","37-1012",533,"37-1010","37-1000","37-1012","37-1012"
"198","37-2012",533,"37-2010","37-2000","37-2012","37-2012"
"199","37-2021",533,"37-2020","37-2000","37-2021","37-2021"
"200","37-3011",533,"37-3010","37-3000","37-3011","37-3011"
"201","37-3013",533,"37-3010","37-3000","37-3013","37-3013"
"202","39-2011",533,"39-2010","39-2000","39-2011","39-2011"
"203","39-2021",533,"39-2020","39-2000","39-2021","39-2021"
"204","39-3031",533,"39-3030","39-3000","39-3031","39-3031"
"205","39-4031",533,"39-4030","39-4000","39-4031","39-4031"
"206","39-5011",533,"39-5010","39-5000","39-5011","39-5011"
"207","39-5012",533,"39-5010","39-5000","39-5012","39-5012"
"208","39-5092",533,"39-5090","39-5000","39-5092","39-5092"
"209","39-5094",533,"39-5090","39-5000","39-5094","39-5094"
"210","39-9011",533,"39-9010","39-9000","39-9011","39-9011"
"211","39-9031",533,"39-9030","39-9000","39-9031","39-9031"
"212","39-9032",533,"39-9030","39-9000","39-9032","39-9032"
"213","39-9041",533,"39-9040","39-9000","39-9041","39-9041"
"214","39-9099",533,"39-9090","39-9000","39-9099","39-9099"
"215","41-1011",533,"41-1010","41-1000","41-1011","41-1011"
"216","41-1012",533,"41-1010","41-1000","41-1012","41-1012"
"217","41-2021",533,"41-2020","41-2000","41-2021","41-2021"
"218","41-2022",533,"41-2020","41-2000","41-2022","41-2022"
"219","41-2031",533,"41-2030","41-2000","41-2031","41-2031"
"220","41-3011",533,"41-3010","41-3000","41-3011","41-3011"
"221","41-3021",533,"41-3020","41-3000","41-3021","41-3021"
"222","41-3031",533,"41-3030","41-3000","41-3031","41-3031"
"223","41-3041",533,"41-3040","41-3000","41-3041","41-3041"
"224","41-3091",533,"41-3090","41-3000","41-3091","41-3091"
"225","41-9031",533,"41-9030","41-9000","41-9031","41-9031"
"226","41-9041",533,"41-9040","41-9000","41-9041","41-9041"
"227","41-9091",533,"41-9090","41-9000","41-9091","41-9091"
"228","41-9099",533,"41-9090","41-9000","41-9099","41-9099"
"229","43-1011",533,"43-1010","43-1000","43-1011","43-1011"
"230","43-2011",533,"43-2010","43-2000","43-2011","43-2011"
"231","43-2021",533,"43-2020","43-2000","43-2021","43-2021"
"232","43-2099",533,"43-2090","43-2000","43-2099","43-2099"
"233","43-3011",533,"43-3010","43-3000","43-3011","43-3011"
"234","43-3021",533,"43-3020","43-3000","43-3021","43-3021"
"235","43-3031",533,"43-3030","43-3000","43-3031","43-3031"
"236","43-3051",533,"43-3050","43-3000","43-3051","43-3051"
"237","43-3061",533,"43-3060","43-3000","43-3061","43-3061"
"238","43-3071",533,"43-3070","43-3000","43-3071","43-3071"
"239","43-4031",533,"43-4030","43-4000","43-4031","43-4031"
"240","43-4041",533,"43-4040","43-4000","43-4041","43-4041"
"241","43-4051",533,"43-4050","43-4000","43-4051","43-4051"
"242","43-4061",533,"43-4060","43-4000","43-4061","43-4061"
"243","43-4071",533,"43-4070","43-4000","43-4071","43-4071"
"244","43-4081",533,"43-4080","43-4000","43-4081","43-4081"
"245","43-4111",533,"43-4110","43-4000","43-4111","43-4111"
"246","43-4121",533,"43-4120","43-4000","43-4121","43-4121"
"247","43-4131",533,"43-4130","43-4000","43-4131","43-4131"
"248","43-4141",533,"43-4140","43-4000","43-4141","43-4141"
"249","43-4161",533,"43-4160","43-4000","43-4161","43-4161"
"250","43-4171",533,"43-4170","43-4000","43-4171","43-4171"
"251","43-4181",533,"43-4180","43-4000","43-4181","43-4181"
"252","43-5011",533,"43-5010","43-5000","43-5011","43-5011"
"253","43-5021",533,"43-5020","43-5000","43-5021","43-5021"
"254","43-5031",533,"43-5030","43-5000","43-5031","43-5031"
"255","43-5032",533,"43-5030","43-5000","43-5032","43-5032"
"256","43-5041",533,"43-5040","43-5000","43-5041","43-5041"
"257","43-5051",533,"43-5050","43-5000","43-5051","43-5051"
"258","43-5052",533,"43-5050","43-5000","43-5052","43-5052"
"259","43-5053",533,"43-5050","43-5000","43-5053","43-5053"
"260","43-5061",533,"43-5060","43-5000","43-5061","43-5061"
"261","43-5071",533,"43-5070","43-5000","43-5071","43-5071"
"262","43-5111",533,"43-5110","43-5000","43-5111","43-5111"
"263","43-6011",533,"43-6010","43-6000","43-6011","43-6011"
"264","43-6012",533,"43-6010","43-6000","43-6012","43-6012"
"265","43-6013",533,"43-6010","43-6000","43-6013","43-6013"
"266","43-6014",533,"43-6010","43-6000","43-6014","43-6014"
"267","43-9021",533,"43-9020","43-9000","43-9021","43-9021"
"268","43-9022",533,"43-9020","43-9000","43-9022","43-9022"
"269","43-9041",533,"43-9040","43-9000","43-9041","43-9041"
"270","43-9051",533,"43-9050","43-9000","43-9051","43-9051"
"271","43-9061",533,"43-9060","43-9000","43-9061","43-9061"
"272","43-9071",533,"43-9070","43-9000","43-9071","43-9071"
"273","43-9081",533,"43-9080","43-9000","43-9081","43-9081"
"274","43-9111",533,"43-9110","43-9000","43-9111","43-9111"
"275","45-1011",533,"45-1010","45-1000","45-1011","45-1011"
"276","45-2011",533,"45-2010","45-2000","45-2011","45-2011"
"277","45-2041",533,"45-2040","45-2000","45-2041","45-2041"
"278","45-3031",533,"45-3030","45-3000","45-3031","45-3031"
"279","45-4011",533,"45-4010","45-4000","45-4011","45-4011"
"280","47-1011",533,"47-1010","47-1000","47-1011","47-1011"
"281","47-2011",533,"47-2010","47-2000","47-2011","47-2011"
"282","47-2031",533,"47-2030","47-2000","47-2031","47-2031"
"283","47-2061",533,"47-2060","47-2000","47-2061","47-2061"
"284","47-2111",533,"47-2110","47-2000","47-2111","47-2111"
"285","47-2121",533,"47-2120","47-2000","47-2121","47-2121"
"286","47-2151",533,"47-2150","47-2000","47-2151","47-2151"
"287","47-2152",533,"47-2150","47-2000","47-2152","47-2152"
"288","47-2161",533,"47-2160","47-2000","47-2161","47-2161"
"289","47-2181",533,"47-2180","47-2000","47-2181","47-2181"
"290","47-2211",533,"47-2210","47-2000","47-2211","47-2211"
"291","47-2221",533,"47-2220","47-2000","47-2221","47-2221"
"292","47-2231",533,"47-2230","47-2000","47-2231","47-2231"
"293","47-4011",533,"47-4010","47-4000","47-4011","47-4011"
"294","47-4021",533,"47-4020","47-4000","47-4021","47-4021"
"295","47-4031",533,"47-4030","47-4000","47-4031","47-4031"
"296","47-4041",533,"47-4040","47-4000","47-4041","47-4041"
"297","47-4051",533,"47-4050","47-4000","47-4051","47-4051"
"298","47-4061",533,"47-4060","47-4000","47-4061","47-4061"
"299","47-5032",533,"47-5030","47-5000","47-5032","47-5032"
"300","49-1011",533,"49-1010","49-1000","49-1011","49-1011"
"301","49-2011",533,"49-2010","49-2000","49-2011","49-2011"
"302","49-2091",533,"49-2090","49-2000","49-2091","49-2091"
"303","49-2092",533,"49-2090","49-2000","49-2092","49-2092"
"304","49-2097",533,"49-2090","49-2000","49-2097","49-2097"
"305","49-2098",533,"49-2090","49-2000","49-2098","49-2098"
"306","49-3011",533,"49-3010","49-3000","49-3011","49-3011"
"307","49-3021",533,"49-3020","49-3000","49-3021","49-3021"
"308","49-3022",533,"49-3020","49-3000","49-3022","49-3022"
"309","49-3023",533,"49-3020","49-3000","49-3023","49-3023"
"310","49-3031",533,"49-3030","49-3000","49-3031","49-3031"
"311","49-9021",533,"49-9020","49-9000","49-9021","49-9021"
"312","49-9031",533,"49-9030","49-9000","49-9031","49-9031"
"313","49-9043",533,"49-9040","49-9000","49-9043","49-9043"
"314","49-9044",533,"49-9040","49-9000","49-9044","49-9044"
"315","49-9051",533,"49-9050","49-9000","49-9051","49-9051"
"316","49-9052",533,"49-9050","49-9000","49-9052","49-9052"
"317","49-9071",533,"49-9070","49-9000","49-9071","49-9071"
"318","49-9091",533,"49-9090","49-9000","49-9091","49-9091"
"319","49-9094",533,"49-9090","49-9000","49-9094","49-9094"
"320","49-9096",533,"49-9090","49-9000","49-9096","49-9096"
"321","49-9098",533,"49-9090","49-9000","49-9098","49-9098"
"322","51-1011",533,"51-1010","51-1000","51-1011","51-1011"
"323","51-2031",533,"51-2030","51-2000","51-2031","51-2031"
"324","51-2041",533,"51-2040","51-2000","51-2041","51-2041"
"325","51-3011",533,"51-3010","51-3000","51-3011","51-3011"
"326","51-3091",533,"51-3090","51-3000","51-3091","51-3091"
"327","51-3092",533,"51-3090","51-3000","51-3092","51-3092"
"328","51-3093",533,"51-3090","51-3000","51-3093","51-3093"
"329","51-3099",533,"51-3090","51-3000","51-3099","51-3099"
"330","51-4031",533,"51-4030","51-4000","51-4031","51-4031"
"331","51-4033",533,"51-4030","51-4000","51-4033","51-4033"
"332","51-4041",533,"51-4040","51-4000","51-4041","51-4041"
"333","51-4111",533,"51-4110","51-4000","51-4111","51-4111"
"334","51-5111",533,"51-5110","51-5000","51-5111","51-5111"
"335","51-5112",533,"51-5110","51-5000","51-5112","51-5112"
"336","51-5113",533,"51-5110","51-5000","51-5113","51-5113"
"337","51-6011",533,"51-6010","51-6000","51-6011","51-6011"
"338","51-6021",533,"51-6020","51-6000","51-6021","51-6021"
"339","51-6031",533,"51-6030","51-6000","51-6031","51-6031"
"340","51-6093",533,"51-6090","51-6000","51-6093","51-6093"
"341","51-7011",533,"51-7010","51-7000","51-7011","51-7011"
"342","51-7021",533,"51-7020","51-7000","51-7021","51-7021"
"343","51-7041",533,"51-7040","51-7000","51-7041","51-7041"
"344","51-7042",533,"51-7040","51-7000","51-7042","51-7042"
"345","51-8021",533,"51-8020","51-8000","51-8021","51-8021"
"346","51-8031",533,"51-8030","51-8000","51-8031","51-8031"
"347","51-9041",533,"51-9040","51-9000","51-9041","51-9041"
"348","51-9051",533,"51-9050","51-9000","51-9051","51-9051"
"349","51-9061",533,"51-9060","51-9000","51-9061","51-9061"
"350","51-9071",533,"51-9070","51-9000","51-9071","51-9071"
"351","51-9111",533,"51-9110","51-9000","51-9111","51-9111"
"352","51-9151",533,"51-9150","51-9000","51-9151","51-9151"
"353","51-9191",533,"51-9190","51-9000","51-9191","51-9191"
"354","51-9194",533,"51-9190","51-9000","51-9194","51-9194"
"355","51-9195",533,"51-9190","51-9000","51-9195","51-9195"
"356","51-9196",533,"51-9190","51-9000","51-9196","51-9196"
"357","51-9197",533,"51-9190","51-9000","51-9197","51-9197"
"358","51-9198",533,"51-9190","51-9000","51-9198","51-9198"
"359","53-2031",533,"53-2030","53-2000","53-2031","53-2031"
"360","53-3011",533,"53-3010","53-3000","53-3011","53-3011"
"361","53-3051",533,"53-3050","53-3000","53-3051","53-3051"
"362","53-3052",533,"53-3050","53-3000","53-3052","53-3052"
"363","53-3053",533,"53-3050","53-3000","53-3053","53-3053"
"364","53-3054",533,"53-3050","53-3000","53-3054","53-3054"
"365","53-3099",533,"53-3090","53-3000","53-3099","53-3099"
"366","53-4031",533,"53-4030","53-4000","53-4031","53-4031"
"367","53-6021",533,"53-6020","53-6000","53-6021","53-6021"
"368","53-6051",533,"53-6050","53-6000","53-6051","53-6051"
"369","53-6061",533,"53-6060","53-6000","53-6061","53-6061"
"370","53-7021",533,"53-7020","53-7000","53-7021","53-7021"
"371","53-7051",533,"53-7050","53-7000","53-7051","53-7051"
"372","53-7061",533,"53-7060","53-7000","53-7061","53-7061"
"373","53-7062",533,"53-7060","53-7000","53-7062","53-7062"
"374","53-7063",533,"53-7060","53-7000","53-7063","53-7063"
"375","53-7064",533,"53-7060","53-7000","53-7064","53-7064"
"376","53-7065",533,"53-7060","53-7000","53-7065","53-7065"
"377","53-7081",533,"53-7080","53-7000","53-7081","53-7081"
"378","15-1241",533,"15-1240","15-1000","15-124X","15-124X"
"379","15-1242",533,"15-1240","15-1000","15-124X","15-124X"
"380","15-1243",533,"15-1240","15-1000","15-124X","15-124X"
"381","15-1244",533,"15-1240","15-1000","15-124X","15-124X"
"382","17-3011",533,"17-3010","17-3000","17-301X","17-301X"
"383","17-3012",533,"17-3010","17-3000","17-301X","17-301X"
"384","17-3013",533,"17-3010","17-3000","17-301X","17-301X"
"385","17-3019",533,"17-3010","17-3000","17-301X","17-301X"
"386","17-3021",533,"17-3020","17-3000","17-302X","17-302X"
"387","17-3022",533,"17-3020","17-3000","17-302X","17-302X"
"388","17-3023",533,"17-3020","17-3000","17-302X","17-302X"
"389","17-3024",533,"17-3020","17-3000","17-302X","17-302X"
"390","17-3025",533,"17-3020","17-3000","17-302X","17-302X"
"391","17-3026",533,"17-3020","17-3000","17-302X","17-302X"
"392","17-3027",533,"17-3020","17-3000","17-302X","17-302X"
"393","17-3028",533,"17-3020","17-3000","17-302X","17-302X"
"394","17-3029",533,"17-3020","17-3000","17-302X","17-302X"
"395","19-2041",533,"19-2040","19-2000","19-204X","19-204X"
"396","19-2042",533,"19-2040","19-2000","19-204X","19-204X"
"397","19-2043",533,"19-2040","19-2000","19-204X","19-204X"
"398","19-3032",533,"19-3030","19-3000","19-303X","19-303X"
"399","19-3033",533,"19-3030","19-3000","19-303X","19-303X"
"400","19-3034",533,"19-3030","19-3000","19-303X","19-303X"
"401","19-3039",533,"19-3030","19-3000","19-303X","19-303X"
"402","21-1091",533,"21-1090","21-1000","21-109X","21-109X"
"403","21-1092",533,"21-1090","21-1000","21-109X","21-109X"
"404","21-1093",533,"21-1090","21-1000","21-109X","21-109X"
"405","21-1094",533,"21-1090","21-1000","21-109X","21-109X"
"406","21-1099",533,"21-1090","21-1000","21-109X","21-109X"
"407","27-1021",533,"27-1020","27-1000","27-102X","27-102X"
"408","27-1022",533,"27-1020","27-1000","27-102X","27-102X"
"409","27-1023",533,"27-1020","27-1000","27-102X","27-102X"
"410","27-1024",533,"27-1020","27-1000","27-102X","27-102X"
"411","27-1025",533,"27-1020","27-1000","27-102X","27-102X"
"412","27-1026",533,"27-1020","27-1000","27-102X","27-102X"
"413","27-1027",533,"27-1020","27-1000","27-102X","27-102X"
"414","27-1029",533,"27-1020","27-1000","27-102X","27-102X"
"415","29-1122",533,"29-1120","29-1000","29-112X","29-112X"
"416","29-1123",533,"29-1120","29-1000","29-112X","29-112X"
"417","29-1124",533,"29-1120","29-1000","29-112X","29-112X"
"418","29-1125",533,"29-1120","29-1000","29-112X","29-112X"
"419","29-1126",533,"29-1120","29-1000","29-112X","29-112X"
"420","29-1127",533,"29-1120","29-1000","29-112X","29-112X"
"421","29-1128",533,"29-1120","29-1000","29-112X","29-112X"
"422","29-1129",533,"29-1120","29-1000","29-112X","29-112X"
"423","29-2031",533,"29-2030","29-2000","29-203X","29-203X"
"424","29-2032",533,"29-2030","29-2000","29-203X","29-203X"
"425","29-2033",533,"29-2030","29-2000","29-203X","29-203X"
"426","29-2034",533,"29-2030","29-2000","29-203X","29-203X"
"427","29-2035",533,"29-2030","29-2000","29-203X","29-203X"
"428","29-2036",533,"29-2030","29-2000","29-203X","29-203X"
"429","29-2051",533,"29-2050","29-2000","29-205X","29-205X"
"430","29-2052",533,"29-2050","29-2000","29-205X","29-205X"
"431","29-2053",533,"29-2050","29-2000","29-205X","29-205X"
"432","29-2055",533,"29-2050","29-2000","29-205X","29-205X"
"433","29-2056",533,"29-2050","29-2000","29-205X","29-205X"
"434","29-2057",533,"29-2050","29-2000","29-205X","29-205X"
"435","31-1131",533,"31-1130","31-1000","31-113X","31-113X"
"436","31-1132",533,"31-1130","31-1000","31-113X","31-113X"
"437","31-1133",533,"31-1130","31-1000","31-113X","31-113X"
"438","31-9091",533,"31-9090","31-9000","31-909X","31-909X"
"439","31-9092",533,"31-9090","31-9000","31-909X","31-909X"
"440","31-9093",533,"31-9090","31-9000","31-909X","31-909X"
"441","31-9094",533,"31-9090","31-9000","31-909X","31-909X"
"442","31-9095",533,"31-9090","31-9000","31-909X","31-909X"
"443","31-9096",533,"31-9090","31-9000","31-909X","31-909X"
"444","31-9097",533,"31-9090","31-9000","31-909X","31-909X"
"445","31-9099",533,"31-9090","31-9000","31-909X","31-909X"
"446","33-9091",533,"33-9090","33-9000","33-909X","33-909X"
"447","33-9092",533,"33-9090","33-9000","33-909X","33-909X"
"448","33-9093",533,"33-9090","33-9000","33-909X","33-909X"
"449","33-9094",533,"33-9090","33-9000","33-909X","33-909X"
"450","33-9099",533,"33-9090","33-9000","33-909X","33-909X"
"451","37-2011",533,"37-2010","37-2000","37-201X","37-201X"
"452","37-2012",533,"37-2010","37-2000","37-201X","37-201X"
"453","37-2019",533,"37-2010","37-2000","37-201X","37-201X"
"454","37-3011",533,"37-3010","37-3000","37-301X","37-301X"
"455","37-3012",533,"37-3010","37-3000","37-301X","37-301X"
"456","37-3013",533,"37-3010","37-3000","37-301X","37-301X"
"457","37-3019",533,"37-3010","37-3000","37-301X","37-301X"
"458","39-5091",533,"39-5090","39-5000","39-509X","39-509X"
"459","39-5092",533,"39-5090","39-5000","39-509X","39-509X"
"460","39-5093",533,"39-5090","39-5000","39-509X","39-509X"
"461","39-5094",533,"39-5090","39-5000","39-509X","39-509X"
"462","49-2091",533,"49-2090","49-2000","49-209X","49-209X"
"463","49-2092",533,"49-2090","49-2000","49-209X","49-209X"
"464","49-2093",533,"49-2090","49-2000","49-209X","49-209X"
"465","49-2094",533,"49-2090","49-2000","49-209X","49-209X"
"466","49-2095",533,"49-2090","49-2000","49-209X","49-209X"
"467","49-2096",533,"49-2090","49-2000","49-209X","49-209X"
"468","49-2097",533,"49-2090","49-2000","49-209X","49-209X"
"469","49-2098",533,"49-2090","49-2000","49-209X","49-209X"
"470","49-9041",533,"49-9040","49-9000","49-904X","49-904X"
"471","49-9043",533,"49-9040","49-9000","49-904X","49-904X"
"472","49-9044",533,"49-9040","49-9000","49-904X","49-904X"
"473","49-9045",533,"49-9040","49-9000","49-904X","49-904X"
"474","51-4031",533,"51-4030","51-4000","51-403X","51-403X"
"475","51-4032",533,"51-4030","51-4000","51-403X","51-403X"
"476","51-4033",533,"51-4030","51-4000","51-403X","51-403X"
"477","51-4034",533,"51-4030","51-4000","51-403X","51-403X"
"478","51-4035",533,"51-4030","51-4000","51-403X","51-403X"
"479","51-6091",533,"51-6090","51-6000","51-609X","51-609X"
"480","51-6092",533,"51-6090","51-6000","51-609X","51-609X"
"481","51-6093",533,"51-6090","51-6000","51-609X","51-609X"
"482","51-6099",533,"51-6090","51-6000","51-609X","51-609X"
"483","11-1011",533,"11-1010","11-1000","11-10XX","11-10XX"
"484","11-1021",533,"11-1020","11-1000","11-10XX","11-10XX"
"485","11-1031",533,"11-1030","11-1000","11-10XX","11-10XX"
"486","13-2011",533,"13-2010","13-2000","13-20XX","13-20XX"
"487","13-2022",533,"13-2020","13-2000","13-20XX","13-20XX"
"488","13-2023",533,"13-2020","13-2000","13-20XX","13-20XX"
"489","13-2031",533,"13-2030","13-2000","13-20XX","13-20XX"
"490","13-2041",533,"13-2040","13-2000","13-20XX","13-20XX"
"491","13-2051",533,"13-2050","13-2000","13-20XX","13-20XX"
"492","13-2052",533,"13-2050","13-2000","13-20XX","13-20XX"
"493","13-2053",533,"13-2050","13-2000","13-20XX","13-20XX"
"494","13-2054",533,"13-2050","13-2000","13-20XX","13-20XX"
"495","13-2061",533,"13-2060","13-2000","13-20XX","13-20XX"
"496","13-2071",533,"13-2070","13-2000","13-20XX","13-20XX"
"497","13-2072",533,"13-2070","13-2000","13-20XX","13-20XX"
"498","13-2081",533,"13-2080","13-2000","13-20XX","13-20XX"
"499","13-2082",533,"13-2080","13-2000","13-20XX","13-20XX"
"500","13-2099",533,"13-2090","13-2000","13-20XX","13-20XX"
"501","15-2011",533,"15-2010","15-2000","15-20XX","15-20XX"
"502","15-2021",533,"15-2020","15-2000","15-20XX","15-20XX"
"503","15-2031",533,"15-2030","15-2000","15-20XX","15-20XX"
"504","15-2041",533,"15-2040","15-2000","15-20XX","15-20XX"
"505","15-2051",533,"15-2050","15-2000","15-20XX","15-20XX"
"506","15-2099",533,"15-2090","15-2000","15-20XX","15-20XX"
"507","17-2011",533,"17-2010","17-2000","17-20XX","17-20XX"
"508","17-2021",533,"17-2020","17-2000","17-20XX","17-20XX"
"509","17-2031",533,"17-2030","17-2000","17-20XX","17-20XX"
"510","17-2041",533,"17-2040","17-2000","17-20XX","17-20XX"
"511","17-2051",533,"17-2050","17-2000","17-20XX","17-20XX"
"512","17-2061",533,"17-2060","17-2000","17-20XX","17-20XX"
"513","17-2071",533,"17-2070","17-2000","17-20XX","17-20XX"
"514","17-2072",533,"17-2070","17-2000","17-20XX","17-20XX"
"515","17-2081",533,"17-2080","17-2000","17-20XX","17-20XX"
"516","17-2111",533,"17-2110","17-2000","17-20XX","17-20XX"
"517","17-2112",533,"17-2110","17-2000","17-20XX","17-20XX"
"518","17-2121",533,"17-2120","17-2000","17-20XX","17-20XX"
"519","17-2131",533,"17-2130","17-2000","17-20XX","17-20XX"
"520","17-2141",533,"17-2140","17-2000","17-20XX","17-20XX"
"521","17-2151",533,"17-2150","17-2000","17-20XX","17-20XX"
"522","17-2161",533,"17-2160","17-2000","17-20XX","17-20XX"
"523","17-2171",533,"17-2170","17-2000","17-20XX","17-20XX"
"524","17-2199",533,"17-2190","17-2000","17-20XX","17-20XX"
"525","19-1011",533,"19-1010","19-1000","19-10XX","19-10XX"
"526","19-1012",533,"19-1010","19-1000","19-10XX","19-10XX"
"527","19-1013",533,"19-1010","19-1000","19-10XX","19-10XX"
"528","19-1021",533,"19-1020","19-1000","19-10XX","19-10XX"
"529","19-1022",533,"19-1020","19-1000","19-10XX","19-10XX"
"530","19-1023",533,"19-1020","19-1000","19-10XX","19-10XX"
"531","19-1029",533,"19-1020","19-1000","19-10XX","19-10XX"
"532","19-1031",533,"19-1030","19-1000","19-10XX","19-10XX"
"533","19-1032",533,"19-1030","19-1000","19-10XX","19-10XX"
"534","19-1041",533,"19-1040","19-1000","19-10XX","19-10XX"
"535","19-1042",533,"19-1040","19-1000","19-10XX","19-10XX"
"536","19-1099",533,"19-1090","19-1000","19-10XX","19-10XX"
"537","19-3011",533,"19-3010","19-3000","19-30XX","19-30XX"
"538","19-3022",533,"19-3020","19-3000","19-30XX","19-30XX"
"539","19-3032",533,"19-3030","19-3000","19-30XX","19-30XX"
"540","19-3033",533,"19-3030","19-3000","19-30XX","19-30XX"
"541","19-3034",533,"19-3030","19-3000","19-30XX","19-30XX"
"542","19-3039",533,"19-3030","19-3000","19-30XX","19-30XX"
"543","19-3041",533,"19-3040","19-3000","19-30XX","19-30XX"
"544","19-3051",533,"19-3050","19-3000","19-30XX","19-30XX"
"545","19-3091",533,"19-3090","19-3000","19-30XX","19-30XX"
"546","19-3092",533,"19-3090","19-3000","19-30XX","19-30XX"
"547","19-3093",533,"19-3090","19-3000","19-30XX","19-30XX"
"548","19-3094",533,"19-3090","19-3000","19-30XX","19-30XX"
"549","19-3099",533,"19-3090","19-3000","19-30XX","19-30XX"
"550","19-4012",533,"19-4010","19-4000","19-40XX","19-40XX"
"551","19-4013",533,"19-4010","19-4000","19-40XX","19-40XX"
"552","19-4021",533,"19-4020","19-4000","19-40XX","19-40XX"
"553","19-4031",533,"19-4030","19-4000","19-40XX","19-40XX"
"554","19-4042",533,"19-4040","19-4000","19-40XX","19-40XX"
"555","19-4043",533,"19-4040","19-4000","19-40XX","19-40XX"
"556","19-4044",533,"19-4040","19-4000","19-40XX","19-40XX"
"557","19-4051",533,"19-4050","19-4000","19-40XX","19-40XX"
"558","19-4061",533,"19-4060","19-4000","19-40XX","19-40XX"
"559","19-4071",533,"19-4070","19-4000","19-40XX","19-40XX"
"560","19-4092",533,"19-4090","19-4000","19-40XX","19-40XX"
"561","19-4099",533,"19-4090","19-4000","19-40XX","19-40XX"
"562","23-1011",533,"23-1010","23-1000","23-10XX","23-10XX"
"563","23-1012",533,"23-1010","23-1000","23-10XX","23-10XX"
"564","23-1021",533,"23-1020","23-1000","23-10XX","23-10XX"
"565","23-1022",533,"23-1020","23-1000","23-10XX","23-10XX"
"566","23-1023",533,"23-1020","23-1000","23-10XX","23-10XX"
"567","25-3011",533,"25-3010","25-3000","25-30XX","25-30XX"
"568","25-3021",533,"25-3020","25-3000","25-30XX","25-30XX"
"569","25-3031",533,"25-3030","25-3000","25-30XX","25-30XX"
"570","25-3041",533,"25-3040","25-3000","25-30XX","25-30XX"
"571","25-3099",533,"25-3090","25-3000","25-30XX","25-30XX"
"572","25-9021",533,"25-9020","25-9000","25-90XX","25-90XX"
"573","25-9031",533,"25-9030","25-9000","25-90XX","25-90XX"
"574","25-9042",533,"25-9040","25-9000","25-90XX","25-90XX"
"575","25-9043",533,"25-9040","25-9000","25-90XX","25-90XX"
"576","25-9044",533,"25-9040","25-9000","25-90XX","25-90XX"
"577","25-9049",533,"25-9040","25-9000","25-90XX","25-90XX"
"578","25-9099",533,"25-9090","25-9000","25-90XX","25-90XX"
"579","27-4011",533,"27-4010","27-4000","27-40XX","27-40XX"
"580","27-4012",533,"27-4010","27-4000","27-40XX","27-40XX"
"581","27-4014",533,"27-4010","27-4000","27-40XX","27-40XX"
"582","27-4015",533,"27-4010","27-4000","27-40XX","27-40XX"
"583","27-4021",533,"27-4020","27-4000","27-40XX","27-40XX"
"584","27-4031",533,"27-4030","27-4000","27-40XX","27-40XX"
"585","27-4032",533,"27-4030","27-4000","27-40XX","27-40XX"
"586","27-4099",533,"27-4090","27-4000","27-40XX","27-40XX"
"587","33-3011",533,"33-3010","33-3000","33-30XX","33-30XX"
"588","33-3012",533,"33-3010","33-3000","33-30XX","33-30XX"
"589","33-3021",533,"33-3020","33-3000","33-30XX","33-30XX"
"590","33-3031",533,"33-3030","33-3000","33-30XX","33-30XX"
"591","33-3041",533,"33-3040","33-3000","33-30XX","33-30XX"
"592","33-3051",533,"33-3050","33-3000","33-30XX","33-30XX"
"593","33-3052",533,"33-3050","33-3000","33-30XX","33-30XX"
"594","39-3011",533,"39-3010","39-3000","39-30XX","39-30XX"
"595","39-3012",533,"39-3010","39-3000","39-30XX","39-30XX"
"596","39-3019",533,"39-3010","39-3000","39-30XX","39-30XX"
"597","39-3021",533,"39-3020","39-3000","39-30XX","39-30XX"
"598","39-3031",533,"39-3030","39-3000","39-30XX","39-30XX"
"599","39-3091",533,"39-3090","39-3000","39-30XX","39-30XX"
"600","39-3092",533,"39-3090","39-3000","39-30XX","39-30XX"
"601","39-3093",533,"39-3090","39-3000","39-30XX","39-30XX"
"602","39-3099",533,"39-3090","39-3000","39-30XX","39-30XX"
"603","39-4011",533,"39-4010","39-4000","39-40XX","39-40XX"
"604","39-4012",533,"39-4010","39-4000","39-40XX","39-40XX"
"605","39-4021",533,"39-4020","39-4000","39-40XX","39-40XX"
"606","39-4031",533,"39-4030","39-4000","39-40XX","39-40XX"
"607","43-3011",533,"43-3010","43-3000","43-30XX","43-30XX"
"608","43-3021",533,"43-3020","43-3000","43-30XX","43-30XX"
"609","43-3031",533,"43-3030","43-3000","43-30XX","43-30XX"
"610","43-3041",533,"43-3040","43-3000","43-30XX","43-30XX"
"611","43-3051",533,"43-3050","43-3000","43-30XX","43-30XX"
"612","43-3061",533,"43-3060","43-3000","43-30XX","43-30XX"
"613","43-3071",533,"43-3070","43-3000","43-30XX","43-30XX"
"614","43-3099",533,"43-3090","43-3000","43-30XX","43-30XX"
"615","45-2011",533,"45-2010","45-2000","45-20XX","45-20XX"
"616","45-2021",533,"45-2020","45-2000","45-20XX","45-20XX"
"617","45-2041",533,"45-2040","45-2000","45-20XX","45-20XX"
"618","45-2091",533,"45-2090","45-2000","45-20XX","45-20XX"
"619","45-2092",533,"45-2090","45-2000","45-20XX","45-20XX"
"620","45-2093",533,"45-2090","45-2000","45-20XX","45-20XX"
"621","45-2099",533,"45-2090","45-2000","45-20XX","45-20XX"
"622","47-4011",533,"47-4010","47-4000","47-40XX","47-40XX"
"623","47-4021",533,"47-4020","47-4000","47-40XX","47-40XX"
"624","47-4031",533,"47-4030","47-4000","47-40XX","47-40XX"
"625","47-4041",533,"47-4040","47-4000","47-40XX","47-40XX"
"626","47-4051",533,"47-4050","47-4000","47-40XX","47-40XX"
"627","47-4061",533,"47-4060","47-4000","47-40XX","47-40XX"
"628","47-4071",533,"47-4070","47-4000","47-40XX","47-40XX"
"629","47-4091",533,"47-4090","47-4000","47-40XX","47-40XX"
"630","47-4099",533,"47-4090","47-4000","47-40XX","47-40XX"
"631","47-5011",533,"47-5010","47-5000","47-50XX","47-50XX"
"632","47-5012",533,"47-5010","47-5000","47-50XX","47-50XX"
"633","47-5013",533,"47-5010","47-5000","47-50XX","47-50XX"
"634","47-5022",533,"47-5020","47-5000","47-50XX","47-50XX"
"635","47-5023",533,"47-5020","47-5000","47-50XX","47-50XX"
"636","47-5032",533,"47-5030","47-5000","47-50XX","47-50XX"
"637","47-5041",533,"47-5040","47-5000","47-50XX","47-50XX"
"638","47-5043",533,"47-5040","47-5000","47-50XX","47-50XX"
"639","47-5044",533,"47-5040","47-5000","47-50XX","47-50XX"
"640","47-5049",533,"47-5040","47-5000","47-50XX","47-50XX"
"641","47-5051",533,"47-5050","47-5000","47-50XX","47-50XX"
"642","47-5071",533,"47-5070","47-5000","47-50XX","47-50XX"
"643","47-5081",533,"47-5080","47-5000","47-50XX","47-50XX"
"644","47-5099",533,"47-5090","47-5000","47-50XX","47-50XX"
"645","49-9011",533,"49-9010","49-9000","49-90XX","49-90XX"
"646","49-9012",533,"49-9010","49-9000","49-90XX","49-90XX"
"647","49-9021",533,"49-9020","49-9000","49-90XX","49-90XX"
"648","49-9031",533,"49-9030","49-9000","49-90XX","49-90XX"
"649","49-9041",533,"49-9040","49-9000","49-90XX","49-90XX"
"650","49-9043",533,"49-9040","49-9000","49-90XX","49-90XX"
"651","49-9044",533,"49-9040","49-9000","49-90XX","49-90XX"
"652","49-9045",533,"49-9040","49-9000","49-90XX","49-90XX"
"653","49-9051",533,"49-9050","49-9000","49-90XX","49-90XX"
"654","49-9052",533,"49-9050","49-9000","49-90XX","49-90XX"
"655","49-9061",533,"49-9060","49-9000","49-90XX","49-90XX"
"656","49-9062",533,"49-9060","49-9000","49-90XX","49-90XX"
"657","49-9063",533,"49-9060","49-9000","49-90XX","49-90XX"
"658","49-9064",533,"49-9060","49-9000","49-90XX","49-90XX"
"659","49-9069",533,"49-9060","49-9000","49-90XX","49-90XX"
"660","49-9071",533,"49-9070","49-9000","49-90XX","49-90XX"
"661","49-9081",533,"49-9080","49-9000","49-90XX","49-90XX"
"662","49-9091",533,"49-9090","49-9000","49-90XX","49-90XX"
"663","49-9092",533,"49-9090","49-9000","49-90XX","49-90XX"
"664","49-9094",533,"49-9090","49-9000","49-90XX","49-90XX"
"665","49-9095",533,"49-9090","49-9000","49-90XX","49-90XX"
"666","49-9096",533,"49-9090","49-9000","49-90XX","49-90XX"
"667","49-9097",533,"49-9090","49-9000","49-90XX","49-90XX"
"668","49-9098",533,"49-9090","49-9000","49-90XX","49-90XX"
"669","49-9099",533,"49-9090","49-9000","49-90XX","49-90XX"
"670","51-2011",533,"51-2010","51-2000","51-20XX","51-20XX"
"671","51-2021",533,"51-2020","51-2000","51-20XX","51-20XX"
"672","51-2022",533,"51-2020","51-2000","51-20XX","51-20XX"
"673","51-2023",533,"51-2020","51-2000","51-20XX","51-20XX"
"674","51-2031",533,"51-2030","51-2000","51-20XX","51-20XX"
"675","51-2041",533,"51-2040","51-2000","51-20XX","51-20XX"
"676","51-2051",533,"51-2050","51-2000","51-20XX","51-20XX"
"677","51-2061",533,"51-2060","51-2000","51-20XX","51-20XX"
"678","51-2092",533,"51-2090","51-2000","51-20XX","51-20XX"
"679","51-2099",533,"51-2090","51-2000","51-20XX","51-20XX"
"680","51-4021",533,"51-4020","51-4000","51-40XX","51-40XX"
"681","51-4022",533,"51-4020","51-4000","51-40XX","51-40XX"
"682","51-4023",533,"51-4020","51-4000","51-40XX","51-40XX"
"683","51-4031",533,"51-4030","51-4000","51-40XX","51-40XX"
"684","51-4032",533,"51-4030","51-4000","51-40XX","51-40XX"
"685","51-4033",533,"51-4030","51-4000","51-40XX","51-40XX"
"686","51-4034",533,"51-4030","51-4000","51-40XX","51-40XX"
"687","51-4035",533,"51-4030","51-4000","51-40XX","51-40XX"
"688","51-4041",533,"51-4040","51-4000","51-40XX","51-40XX"
"689","51-4051",533,"51-4050","51-4000","51-40XX","51-40XX"
"690","51-4052",533,"51-4050","51-4000","51-40XX","51-40XX"
"691","51-4061",533,"51-4060","51-4000","51-40XX","51-40XX"
"692","51-4062",533,"51-4060","51-4000","51-40XX","51-40XX"
"693","51-4071",533,"51-4070","51-4000","51-40XX","51-40XX"
"694","51-4072",533,"51-4070","51-4000","51-40XX","51-40XX"
"695","51-4081",533,"51-4080","51-4000","51-40XX","51-40XX"
"696","51-4111",533,"51-4110","51-4000","51-40XX","51-40XX"
"697","51-4121",533,"51-4120","51-4000","51-40XX","51-40XX"
"698","51-4122",533,"51-4120","51-4000","51-40XX","51-40XX"
"699","51-4191",533,"51-4190","51-4000","51-40XX","51-40XX"
"700","51-4192",533,"51-4190","51-4000","51-40XX","51-40XX"
"701","51-4193",533,"51-4190","51-4000","51-40XX","51-40XX"
"702","51-4194",533,"51-4190","51-4000","51-40XX","51-40XX"
"703","51-4199",533,"51-4190","51-4000","51-40XX","51-40XX"
"704","51-7011",533,"51-7010","51-7000","51-70XX","51-70XX"
"705","51-7021",533,"51-7020","51-7000","51-70XX","51-70XX"
"706","51-7031",533,"51-7030","51-7000","51-70XX","51-70XX"
"707","51-7032",533,"51-7030","51-7000","51-70XX","51-70XX"
"708","51-7041",533,"51-7040","51-7000","51-70XX","51-70XX"
"709","51-7042",533,"51-7040","51-7000","51-70XX","51-70XX"
"710","51-7099",533,"51-7090","51-7000","51-70XX","51-70XX"
"711","53-4011",533,"53-4010","53-4000","53-40XX","53-40XX"
"712","53-4013",533,"53-4010","53-4000","53-40XX","53-40XX"
"713","53-4022",533,"53-4020","53-4000","53-40XX","53-40XX"
"714","53-4031",533,"53-4030","53-4000","53-40XX","53-40XX"
"715","53-4041",533,"53-4040","53-4000","53-40XX","53-40XX"
"716","53-4099",533,"53-4090","53-4000","53-40XX","53-40XX"
"717","53-5011",533,"53-5010","53-5000","53-50XX","53-50XX"
"718","53-5021",533,"53-5020","53-5000","53-50XX","53-50XX"
"719","53-5022",533,"53-5020","53-5000","53-50XX","53-50XX"
"720","53-5031",533,"53-5030","53-5000","53-50XX","53-50XX"
"721","53-6011",533,"53-6010","53-6000","53-60XX","53-60XX"
"722","53-6021",533,"53-6020","53-6000","53-60XX","53-60XX"
"723","53-6031",533,"53-6030","53-6000","53-60XX","53-60XX"
"724","53-6032",533,"53-6030","53-6000","53-60XX","53-60XX"
"725","53-6041",533,"53-6040","53-6000","53-60XX","53-60XX"
"726","53-6051",533,"53-6050","53-6000","53-60XX","53-60XX"
"727","53-6061",533,"53-6060","53-6000","53-60XX","53-60XX"
"728","53-6099",533,"53-6090","53-6000","53-60XX","53-60XX"
"729","53-7011",533,"53-7010","53-7000","53-70XX","53-70XX"
"730","53-7021",533,"53-7020","53-7000","53-70XX","53-70XX"
"731","53-7031",533,"53-7030","53-7000","53-70XX","53-70XX"
"732","53-7041",533,"53-7040","53-7000","53-70XX","53-70XX"
"733","53-7051",533,"53-7050","53-7000","53-70XX","53-70XX"
"734","53-7061",533,"53-7060","53-7000","53-70XX","53-70XX"
"735","53-7062",533,"53-7060","53-7000","53-70XX","53-70XX"
"736","53-7063",533,"53-7060","53-7000","53-70XX","53-70XX"
"737","53-7064",533,"53-7060","53-7000","53-70XX","53-70XX"
"738","53-7065",533,"53-7060","53-7000","53-70XX","53-70XX"
"739","53-7071",533,"53-7070","53-7000","53-70XX","53-70XX"
"740","53-7072",533,"53-7070","53-7000","53-70XX","53-70XX"
"741","53-7073",533,"53-7070","53-7000","53-70XX","53-70XX"
"742","53-7081",533,"53-7080","53-7000","53-70XX","53-70XX"
"743","53-7121",533,"53-7120","53-7000","53-70XX","53-70XX"
"744","53-7199",533,"53-7190","53-7000","53-70XX","53-70XX"
"745","43-4011",533,"43-4010","43-4000","43-4XXX","43-4XXX"
"746","43-4021",533,"43-4020","43-4000","43-4XXX","43-4XXX"
"747","43-4031",533,"43-4030","43-4000","43-4XXX","43-4XXX"
"748","43-4041",533,"43-4040","43-4000","43-4XXX","43-4XXX"
"749","43-4051",533,"43-4050","43-4000","43-4XXX","43-4XXX"
"750","43-4061",533,"43-4060","43-4000","43-4XXX","43-4XXX"
"751","43-4071",533,"43-4070","43-4000","43-4XXX","43-4XXX"
"752","43-4081",533,"43-4080","43-4000","43-4XXX","43-4XXX"
"753","43-4111",533,"43-4110","43-4000","43-4XXX","43-4XXX"
"754","43-4121",533,"43-4120","43-4000","43-4XXX","43-4XXX"
"755","43-4131",533,"43-4130","43-4000","43-4XXX","43-4XXX"
"756","43-4141",533,"43-4140","43-4000","43-4XXX","43-4XXX"
"757","43-4151",533,"43-4150","43-4000","43-4XXX","43-4XXX"
"758","43-4161",533,"43-4160","43-4000","43-4XXX","43-4XXX"
"759","43-4171",533,"43-4170","43-4000","43-4XXX","43-4XXX"
"760","43-4181",533,"43-4180","43-4000","43-4XXX","43-4XXX"
"761","43-4199",533,"43-4190","43-4000","43-4XXX","43-4XXX"
"762","43-9021",533,"43-9020","43-9000","43-9XXX","43-9XXX"
"763","43-9022",533,"43-9020","43-9000","43-9XXX","43-9XXX"
"764","43-9031",533,"43-9030","43-9000","43-9XXX","43-9XXX"
"765","43-9041",533,"43-9040","43-9000","43-9XXX","43-9XXX"
"766","43-9051",533,"43-9050","43-9000","43-9XXX","43-9XXX"
"767","43-9061",533,"43-9060","43-9000","43-9XXX","43-9XXX"
"768","43-9071",533,"43-9070","43-9000","43-9XXX","43-9XXX"
"769","43-9081",533,"43-9080","43-9000","43-9XXX","43-9XXX"
"770","43-9111",533,"43-9110","43-9000","43-9XXX","43-9XXX"
"771","43-9199",533,"43-9190","43-9000","43-9XXX","43-9XXX"
"772","47-2011",533,"47-2010","47-2000","47-2XXX","47-2XXX"
"773","47-2021",533,"47-2020","47-2000","47-2XXX","47-2XXX"
"774","47-2022",533,"47-2020","47-2000","47-2XXX","47-2XXX"
"775","47-2031",533,"47-2030","47-2000","47-2XXX","47-2XXX"
"776","47-2041",533,"47-2040","47-2000","47-2XXX","47-2XXX"
"777","47-2042",533,"47-2040","47-2000","47-2XXX","47-2XXX"
"778","47-2043",533,"47-2040","47-2000","47-2XXX","47-2XXX"
"779","47-2044",533,"47-2040","47-2000","47-2XXX","47-2XXX"
"780","47-2051",533,"47-2050","47-2000","47-2XXX","47-2XXX"
"781","47-2053",533,"47-2050","47-2000","47-2XXX","47-2XXX"
"782","47-2061",533,"47-2060","47-2000","47-2XXX","47-2XXX"
"783","47-2071",533,"47-2070","47-2000","47-2XXX","47-2XXX"
"784","47-2072",533,"47-2070","47-2000","47-2XXX","47-2XXX"
"785","47-2073",533,"47-2070","47-2000","47-2XXX","47-2XXX"
"786","47-2081",533,"47-2080","47-2000","47-2XXX","47-2XXX"
"787","47-2082",533,"47-2080","47-2000","47-2XXX","47-2XXX"
"788","47-2111",533,"47-2110","47-2000","47-2XXX","47-2XXX"
"789","47-2121",533,"47-2120","47-2000","47-2XXX","47-2XXX"
"790","47-2131",533,"47-2130","47-2000","47-2XXX","47-2XXX"
"791","47-2132",533,"47-2130","47-2000","47-2XXX","47-2XXX"
"792","47-2141",533,"47-2140","47-2000","47-2XXX","47-2XXX"
"793","47-2142",533,"47-2140","47-2000","47-2XXX","47-2XXX"
"794","47-2151",533,"47-2150","47-2000","47-2XXX","47-2XXX"
"795","47-2152",533,"47-2150","47-2000","47-2XXX","47-2XXX"
"796","47-2161",533,"47-2160","47-2000","47-2XXX","47-2XXX"
"797","47-2171",533,"47-2170","47-2000","47-2XXX","47-2XXX"
"798","47-2181",533,"47-2180","47-2000","47-2XXX","47-2XXX"
"799","47-2211",533,"47-2210","47-2000","47-2XXX","47-2XXX"
"800","47-2221",533,"47-2220","47-2000","47-2XXX","47-2XXX"
"801","47-2231",533,"47-2230","47-2000","47-2XXX","47-2XXX"
"802","51-4021",533,"51-4020","51-4000","51-4XXX","51-4XXX"
"803","51-4022",533,"51-4020","51-4000","51-4XXX","51-4XXX"
"804","51-4023",533,"51-4020","51-4000","51-4XXX","51-4XXX"
"805","51-4031",533,"51-4030","51-4000","51-4XXX","51-4XXX"
"806","51-4032",533,"51-4030","51-4000","51-4XXX","51-4XXX"
"807","51-4033",533,"51-4030","51-4000","51-4XXX","51-4XXX"
"808","51-4034",533,"51-4030","51-4000","51-4XXX","51-4XXX"
"809","51-4035",533,"51-4030","51-4000","51-4XXX","51-4XXX"
"810","51-4041",533,"51-4040","51-4000","51-4XXX","51-4XXX"
"811","51-4051",533,"51-4050","51-4000","51-4XXX","51-4XXX"
"812","51-4052",533,"51-4050","51-4000","51-4XXX","51-4XXX"
"813","51-4061",533,"51-4060","51-4000","51-4XXX","51-4XXX"
"814","51-4062",533,"51-4060","51-4000","51-4XXX","51-4XXX"
"815","51-4071",533,"51-4070","51-4000","51-4XXX","51-4XXX"
"816","51-4072",533,"51-4070","51-4000","51-4XXX","51-4XXX"
"817","51-4081",533,"51-4080","51-4000","51-4XXX","51-4XXX"
"818","51-4111",533,"51-4110","51-4000","51-4XXX","51-4XXX"
"819","51-4121",533,"51-4120","51-4000","51-4XXX","51-4XXX"
"820","51-4122",533,"51-4120","51-4000","51-4XXX","51-4XXX"
"821","51-4191",533,"51-4190","51-4000","51-4XXX","51-4XXX"
"822","51-4192",533,"51-4190","51-4000","51-4XXX","51-4XXX"
"823","51-4193",533,"51-4190","51-4000","51-4XXX","51-4XXX"
"824","51-4194",533,"51-4190","51-4000","51-4XXX","51-4XXX"
"825","51-4199",533,"51-4190","51-4000","51-4XXX","51-4XXX"
"826","11-9131",533,"11-9130","11-9000","11-91XX","11-91XX"
"827","11-9171",533,"11-9170","11-9000","11-91XX","11-91XX"
"828","11-9179",533,"11-9170","11-9000","11-91XX","11-91XX"
"829","11-9199",533,"11-9190","11-9000","11-91XX","11-91XX"
"830","29-1161",533,"29-1160","29-1000","29-11XX","29-11XX"
"831","29-1171",533,"29-1170","29-1000","29-11XX","29-11XX"
"832","29-1221",533,"29-1220","29-1000","29-12XX","29-12XX"
"833","29-1222",533,"29-1220","29-1000","29-12XX","29-12XX"
"834","29-1223",533,"29-1220","29-1000","29-12XX","29-12XX"
"835","29-1224",533,"29-1220","29-1000","29-12XX","29-12XX"
"836","29-1229",533,"29-1220","29-1000","29-12XX","29-12XX"
"837","51-9141",533,"51-9140","51-9000","51-91XX","51-91XX"
"838","51-9192",533,"51-9190","51-9000","51-91XX","51-91XX"
"839","51-9193",533,"51-9190","51-9000","51-91XX","51-91XX"
"840","51-9199",533,"51-9190","51-9000","51-91XX","51-91XX"
